Zip Code,CPL Buyer Payouts,city,state_id
01810,$117.50,Andover,MA
01812,$117.50,Andover,MA
01830,$117.50,Haverhill,MA
01831,$117.50,Haverhill,MA
01832,$117.50,Haverhill,MA
01833,$117.50,Georgetown,MA
01834,$117.50,Groveland,MA
01835,$117.50,Haverhill,MA
01840,$117.50,Lawrence,MA
01841,$117.50,Lawrence,MA
01842,$117.50,Lawrence,MA
01843,$117.50,Lawrence,MA
01844,$117.50,Methuen,MA
01845,$117.50,North Andover,MA
01860,$117.50,Merrimac,MA
01885,$117.50,Wakefield,MA
01899,$117.50,Winchester,MA
01901,$117.50,Lynn,MA
01902,$117.50,Lynn,MA
01903,$117.50,Lynn,MA
01904,$117.50,Lynn,MA
01905,$117.50,Lynn,MA
01906,$117.50,Saugus,MA
01907,$117.50,Swampscott,MA
01908,$117.50,Nahant,MA
01910,$117.50,Nahant,MA
01913,$117.50,Amesbury,MA
01915,$117.50,Beverly,MA
01921,$117.50,Boxford,MA
01922,$117.50,Byfield,MA
01923,$117.50,Danvers,MA
01929,$117.50,Essex,MA
01930,$117.50,Gloucester,MA
01931,$117.50,Gloucester,MA
01936,$117.50,Gloucester,MA
01937,$117.50,Hathorne,MA
01938,$117.50,Ipswich,MA
01940,$117.50,Lynnfield,MA
01944,$117.50,Manchester,MA
01945,$117.50,Marblehead,MA
01949,$117.50,Middleton,MA
01950,$117.50,Newburyport,MA
01951,$117.50,Newbury,MA
01952,$117.50,Salisbury,MA
01960,$117.50,Peabody,MA
01961,$117.50,Peabody,MA
01965,$117.50,Prides Crossing,MA
01966,$117.50,Rockport,MA
01969,$117.50,Rowley,MA
01970,$117.50,Salem,MA
01971,$117.50,Salem,MA
01982,$117.50,South Hamilton,MA
01983,$117.50,Topsfield,MA
01984,$117.50,Wenham,MA
01985,$117.50,West Newbury,MA
05501,$117.50,Williston,VT
05544,$117.50,Williston,VT
33503,$117.50,Balm,FL
33508,$117.50,Balm,FL
33509,$117.50,Balm,FL
33510,$117.50,Brandon,FL
33511,$117.50,Brandon,FL
33523,$117.50,Dade City,FL
33524,$117.50,Dade City,FL
33525,$117.50,Dade City,FL
33526,$117.50,Dade City,FL
33527,$117.50,Dover,FL
33530,$117.50,Durant,FL
33534,$117.50,Gibsonton,FL
33537,$117.50,Gibsonton,FL
33539,$117.50,Lake Panasoffkee,FL
33540,$117.50,Zephyrhills,FL
33541,$117.50,Zephyrhills,FL
33542,$117.50,Zephyrhills,FL
33543,$117.50,Wesley Chapel,FL
33544,$117.50,Wesley Chapel,FL
33545,$117.50,Wesley Chapel,FL
33547,$117.50,Lithia,FL
33548,$117.50,Lutz,FL
33549,$117.50,Lutz,FL
33550,$117.50,Mango,FL
33556,$117.50,Odessa,FL
33558,$117.50,Lutz,FL
33559,$117.50,Lutz,FL
33563,$117.50,Plant City,FL
33564,$117.50,Plant City,FL
33565,$117.50,Plant City,FL
33566,$117.50,Plant City,FL
33567,$117.50,Plant City,FL
33568,$117.50,Plant City,FL
33569,$117.50,Riverview,FL
33570,$117.50,Ruskin,FL
33571,$117.50,Ruskin,FL
33572,$117.50,Apollo Beach,FL
33573,$117.50,Sun City Center,FL
33574,$117.50,Saint Leo,FL
33575,$117.50,Saint Leo,FL
33576,$117.50,San Antonio,FL
33578,$117.50,Riverview,FL
33579,$117.50,Riverview,FL
33583,$117.50,Riverview,FL
33584,$117.50,Seffner,FL
33586,$117.50,Sumterville,FL
33587,$117.50,Sumterville,FL
33592,$117.50,Thonotosassa,FL
33593,$117.50,Thonotosassa,FL
33594,$117.50,Valrico,FL
33595,$117.50,Valrico,FL
33596,$117.50,Valrico,FL
33598,$117.50,Wimauma,FL
33601,$117.50,Wimauma,FL
33602,$117.50,Tampa,FL
33603,$117.50,Tampa,FL
33604,$117.50,Tampa,FL
33605,$117.50,Tampa,FL
33606,$117.50,Tampa,FL
33607,$117.50,Tampa,FL
33608,$117.50,Tampa,FL
33609,$117.50,Tampa,FL
33610,$117.50,Tampa,FL
33611,$117.50,Tampa,FL
33612,$117.50,Tampa,FL
33613,$117.50,Tampa,FL
33614,$117.50,Tampa,FL
33615,$117.50,Tampa,FL
33616,$117.50,Tampa,FL
33617,$117.50,Tampa,FL
33618,$117.50,Tampa,FL
33619,$117.50,Tampa,FL
33620,$117.50,Tampa,FL
33621,$117.50,Tampa,FL
33622,$117.50,Tampa,FL
33623,$117.50,Tampa,FL
33624,$117.50,Tampa,FL
33625,$117.50,Tampa,FL
33626,$117.50,Tampa,FL
33629,$117.50,Tampa,FL
33630,$117.50,Tampa,FL
33631,$117.50,Tampa,FL
33633,$117.50,Tampa,FL
33634,$117.50,Tampa,FL
33635,$117.50,Tampa,FL
33637,$117.50,Tampa,FL
33646,$117.50,Tampa,FL
33647,$117.50,Tampa,FL
33650,$117.50,Tampa,FL
33655,$117.50,Tampa,FL
33660,$117.50,Tampa,FL
33661,$117.50,Tampa,FL
33662,$117.50,Tampa,FL
33663,$117.50,Tampa,FL
33664,$117.50,Tampa,FL
33672,$117.50,Tampa,FL
33673,$117.50,Tampa,FL
33674,$117.50,Tampa,FL
33675,$117.50,Tampa,FL
33677,$117.50,Tampa,FL
33679,$117.50,Tampa,FL
33680,$117.50,Tampa,FL
33681,$117.50,Tampa,FL
33682,$117.50,Tampa,FL
33684,$117.50,Tampa,FL
33685,$117.50,Tampa,FL
33686,$117.50,Tampa,FL
33687,$117.50,Tampa,FL
33688,$117.50,Tampa,FL
33689,$117.50,Tampa,FL
33694,$117.50,Tampa,FL
33701,$117.50,Saint Petersburg,FL
33702,$117.50,Saint Petersburg,FL
33703,$117.50,Saint Petersburg,FL
33704,$117.50,Saint Petersburg,FL
33705,$117.50,Saint Petersburg,FL
33706,$117.50,Saint Petersburg,FL
33707,$117.50,Saint Petersburg,FL
33708,$117.50,Saint Petersburg,FL
33709,$117.50,Saint Petersburg,FL
33710,$117.50,Saint Petersburg,FL
33711,$117.50,Saint Petersburg,FL
33712,$117.50,Saint Petersburg,FL
33713,$117.50,Saint Petersburg,FL
33714,$117.50,Saint Petersburg,FL
33715,$117.50,Saint Petersburg,FL
33716,$117.50,Saint Petersburg,FL
33729,$117.50,Saint Petersburg,FL
33730,$117.50,Saint Petersburg,FL
33731,$117.50,Saint Petersburg,FL
33732,$117.50,Saint Petersburg,FL
33733,$117.50,Saint Petersburg,FL
33734,$117.50,Saint Petersburg,FL
33736,$117.50,Saint Petersburg,FL
33737,$117.50,Saint Petersburg,FL
33738,$117.50,Saint Petersburg,FL
33740,$117.50,Saint Petersburg,FL
33741,$117.50,Saint Petersburg,FL
33742,$117.50,Saint Petersburg,FL
33743,$117.50,Saint Petersburg,FL
33744,$117.50,Bay Pines,FL
33747,$117.50,Bay Pines,FL
33755,$117.50,Clearwater,FL
33756,$117.50,Clearwater,FL
33757,$117.50,Clearwater,FL
33758,$117.50,Clearwater,FL
33759,$117.50,Clearwater,FL
33760,$117.50,Clearwater,FL
33761,$117.50,Clearwater,FL
33762,$117.50,Clearwater,FL
33763,$117.50,Clearwater,FL
33764,$117.50,Clearwater,FL
33765,$117.50,Clearwater,FL
33766,$117.50,Clearwater,FL
33767,$117.50,Clearwater Beach,FL
33769,$117.50,Clearwater Beach,FL
33770,$117.50,Largo,FL
33771,$117.50,Largo,FL
33772,$117.50,Seminole,FL
33773,$117.50,Largo,FL
33774,$117.50,Largo,FL
33775,$117.50,Largo,FL
33776,$117.50,Seminole,FL
33777,$117.50,Seminole,FL
33778,$117.50,Largo,FL
33779,$117.50,Largo,FL
33780,$117.50,Largo,FL
33781,$117.50,Pinellas Park,FL
33782,$117.50,Pinellas Park,FL
33784,$117.50,Pinellas Park,FL
33785,$117.50,Indian Rocks Beach,FL
33786,$117.50,Belleair Beach,FL
33901,$117.50,Fort Myers,FL
33902,$117.50,Fort Myers,FL
33903,$117.50,North Fort Myers,FL
33904,$117.50,Cape Coral,FL
33905,$117.50,Fort Myers,FL
33906,$117.50,Fort Myers,FL
33907,$117.50,Fort Myers,FL
33908,$117.50,Fort Myers,FL
33909,$117.50,Cape Coral,FL
33910,$117.50,Cape Coral,FL
33911,$117.50,Cape Coral,FL
33912,$117.50,Fort Myers,FL
33913,$117.50,Fort Myers,FL
33914,$117.50,Cape Coral,FL
33915,$117.50,Cape Coral,FL
33916,$117.50,Fort Myers,FL
33917,$117.50,North Fort Myers,FL
33918,$117.50,North Fort Myers,FL
33919,$117.50,Fort Myers,FL
33920,$117.50,Alva,FL
33921,$117.50,Boca Grande,FL
33922,$117.50,Bokeelia,FL
33924,$117.50,Captiva,FL
33928,$117.50,Estero,FL
33929,$117.50,Estero,FL
33931,$117.50,Fort Myers Beach,FL
33932,$117.50,Fort Myers Beach,FL
33936,$117.50,Lehigh Acres,FL
33945,$117.50,Palmdale,FL
33956,$117.50,Saint James City,FL
33957,$117.50,Sanibel,FL
33965,$117.50,Fort Myers,FL
33966,$117.50,Fort Myers,FL
33967,$117.50,Fort Myers,FL
33970,$117.50,Fort Myers,FL
33971,$117.50,Lehigh Acres,FL
33972,$117.50,Lehigh Acres,FL
33973,$117.50,Lehigh Acres,FL
33974,$117.50,Lehigh Acres,FL
33976,$117.50,Lehigh Acres,FL
33990,$117.50,Cape Coral,FL
33991,$117.50,Cape Coral,FL
33993,$117.50,Cape Coral,FL
33994,$117.50,Cape Coral,FL
34101,$117.50,Naples,FL
34102,$117.50,Naples,FL
34103,$117.50,Naples,FL
34104,$117.50,Naples,FL
34105,$117.50,Naples,FL
34106,$117.50,Naples,FL
34107,$117.50,Naples,FL
34108,$117.50,Naples,FL
34109,$117.50,Naples,FL
34110,$117.50,Naples,FL
34112,$117.50,Naples,FL
34113,$117.50,Naples,FL
34114,$117.50,Naples,FL
34116,$117.50,Naples,FL
34117,$117.50,Naples,FL
34119,$117.50,Naples,FL
34120,$117.50,Naples,FL
34133,$117.50,Naples,FL
34134,$117.50,Bonita Springs,FL
34135,$117.50,Bonita Springs,FL
34136,$117.50,Bonita Springs,FL
34137,$117.50,Copeland,FL
34138,$117.50,Chokoloskee,FL
34139,$117.50,Everglades City,FL
34140,$117.50,Goodland,FL
34141,$117.50,Ochopee,FL
34142,$117.50,Immokalee,FL
34143,$117.50,Immokalee,FL
34145,$117.50,Marco Island,FL
34146,$117.50,Marco Island,FL
34201,$117.50,Bradenton,FL
34202,$117.50,Bradenton,FL
34203,$117.50,Bradenton,FL
34204,$117.50,Bradenton,FL
34205,$117.50,Bradenton,FL
34206,$117.50,Bradenton,FL
34207,$117.50,Bradenton,FL
34208,$117.50,Bradenton,FL
34209,$117.50,Bradenton,FL
34210,$117.50,Bradenton,FL
34211,$117.50,Bradenton,FL
34212,$117.50,Bradenton,FL
34215,$117.50,Cortez,FL
34216,$117.50,Anna Maria,FL
34217,$117.50,Bradenton Beach,FL
34218,$117.50,Bradenton Beach,FL
34219,$117.50,Parrish,FL
34220,$117.50,Parrish,FL
34221,$117.50,Palmetto,FL
34222,$117.50,Ellenton,FL
34243,$117.50,Sarasota,FL
34250,$117.50,Terra Ceia,FL
34251,$117.50,Myakka City,FL
34260,$117.50,Myakka City,FL
34264,$117.50,Myakka City,FL
34270,$117.50,Arcadia,FL
34280,$117.50,Nokomis,FL
34281,$117.50,Nokomis,FL
34282,$117.50,Nokomis,FL
34610,$117.50,Spring Hill,FL
34637,$117.50,Land O'Lakes,FL
34638,$117.50,Land O'Lakes,FL
34639,$117.50,Land O'Lakes,FL
34652,$117.50,New Port Richey,FL
34653,$117.50,New Port Richey,FL
34654,$117.50,New Port Richey,FL
34655,$117.50,New Port Richey,FL
34656,$117.50,New Port Richey,FL
34660,$117.50,New Port Richey,FL
34667,$117.50,Hudson,FL
34668,$117.50,Port Richey,FL
34669,$117.50,Hudson,FL
34673,$117.50,Hudson,FL
34674,$117.50,Hudson,FL
34677,$117.50,Oldsmar,FL
34679,$117.50,Aripeka,FL
34680,$117.50,Aripeka,FL
34681,$117.50,Crystal Beach,FL
34682,$117.50,Crystal Beach,FL
34683,$117.50,Palm Harbor,FL
34684,$117.50,Palm Harbor,FL
34685,$117.50,Palm Harbor,FL
34688,$117.50,Tarpon Springs,FL
34689,$117.50,Tarpon Springs,FL
34690,$117.50,Holiday,FL
34691,$117.50,Holiday,FL
34692,$117.50,Holiday,FL
34695,$117.50,Safety Harbor,FL
34697,$117.50,Safety Harbor,FL
34698,$117.50,Dunedin,FL
44001,$117.50,Amherst,OH
44011,$117.50,Avon,OH
44012,$117.50,Avon Lake,OH
44017,$117.50,Berea,OH
44028,$117.50,Columbia Station,OH
44035,$117.50,Elyria,OH
44044,$117.50,Grafton,OH
44054,$117.50,Sheffield Lake,OH
44070,$117.50,North Olmsted,OH
44130,$117.50,Cleveland,OH
44133,$117.50,North Royalton,OH
44138,$117.50,Olmsted Falls,OH
44140,$117.50,Bay Village,OH
44145,$117.50,Westlake,OH
55014,$117.50,Circle Pines,MN
55024,$117.50,Farmington,MN
55033,$117.50,Hastings,MN
55044,$117.50,Lakeville,MN
55068,$117.50,Rosemount,MN
55076,$117.50,Inver Grove Heights,MN
55077,$117.50,Inver Grove Heights,MN
55105,$117.50,Saint Paul,MN
55107,$117.50,Saint Paul,MN
55108,$117.50,Saint Paul,MN
55109,$117.50,Saint Paul,MN
55110,$117.50,Saint Paul,MN
55111,$117.50,Saint Paul,MN
55112,$117.50,Saint Paul,MN
55113,$117.50,Saint Paul,MN
55114,$117.50,Saint Paul,MN
55116,$117.50,Saint Paul,MN
55117,$117.50,Saint Paul,MN
55118,$117.50,Saint Paul,MN
55120,$117.50,Saint Paul,MN
55121,$117.50,Saint Paul,MN
55122,$117.50,Saint Paul,MN
55123,$117.50,Saint Paul,MN
55124,$117.50,Saint Paul,MN
55126,$117.50,Saint Paul,MN
55127,$117.50,Saint Paul,MN
55150,$117.50,Mendota,MN
55304,$117.50,Andover,MN
55305,$117.50,Hopkins,MN
55306,$117.50,Burnsville,MN
55311,$117.50,Maple Grove,MN
55316,$117.50,Champlin,MN
55317,$117.50,Chanhassen,MN
55318,$117.50,Chaska,MN
55323,$117.50,Cologne,MN
55327,$117.50,Dayton,MN
55330,$117.50,Elk River,MN
55331,$117.50,Excelsior,MN
55337,$117.50,Burnsville,MN
55340,$117.50,Hamel,MN
55343,$117.50,Hopkins,MN
55344,$117.50,Eden Prairie,MN
55345,$117.50,Minnetonka,MN
55346,$117.50,Eden Prairie,MN
55347,$117.50,Eden Prairie,MN
55356,$117.50,Long Lake,MN
55357,$117.50,Loretto,MN
55361,$117.50,Mayer,MN
55364,$117.50,Mound,MN
55369,$117.50,Osseo,MN
55374,$117.50,Rogers,MN
55391,$117.50,Wayzata,MN
55405,$117.50,Minneapolis,MN
55406,$117.50,Minneapolis,MN
55407,$117.50,Minneapolis,MN
55409,$117.50,Minneapolis,MN
55410,$117.50,Minneapolis,MN
55413,$117.50,Minneapolis,MN
55416,$117.50,Minneapolis,MN
55417,$117.50,Minneapolis,MN
55418,$117.50,Minneapolis,MN
55419,$117.50,Minneapolis,MN
55420,$117.50,Minneapolis,MN
55421,$117.50,Minneapolis,MN
55422,$117.50,Minneapolis,MN
55423,$117.50,Minneapolis,MN
55424,$117.50,Minneapolis,MN
55425,$117.50,Minneapolis,MN
55426,$117.50,Minneapolis,MN
55427,$117.50,Minneapolis,MN
55428,$117.50,Minneapolis,MN
55429,$117.50,Minneapolis,MN
55431,$117.50,Minneapolis,MN
55432,$117.50,Minneapolis,MN
55433,$117.50,Minneapolis,MN
55434,$117.50,Minneapolis,MN
55436,$117.50,Minneapolis,MN
55437,$117.50,Minneapolis,MN
55438,$117.50,Minneapolis,MN
55439,$117.50,Minneapolis,MN
55441,$117.50,Minneapolis,MN
55442,$117.50,Minneapolis,MN
55443,$117.50,Minneapolis,MN
55444,$117.50,Minneapolis,MN
55445,$117.50,Minneapolis,MN
55446,$117.50,Minneapolis,MN
55447,$117.50,Minneapolis,MN
55448,$117.50,Minneapolis,MN
55449,$117.50,Minneapolis,MN
55470,$117.50,Minneapolis,MN
55569,$117.50,Minneapolis,MN
55572,$117.50,Minneapolis,MN
55577,$117.50,Minneapolis,MN
55599,$117.50,Minneapolis,MN
64002,$117.50,Alma,MO
64013,$117.50,Belton,MO
64014,$117.50,Blue Springs,MO
64015,$117.50,Blue Springs,MO
64016,$117.50,Buckner,MO
64029,$117.50,Grain Valley,MO
64030,$117.50,Grandview,MO
64034,$117.50,Greenwood,MO
64050,$117.50,Independence,MO
64051,$117.50,Independence,MO
64052,$117.50,Independence,MO
64053,$117.50,Independence,MO
64054,$117.50,Independence,MO
64055,$117.50,Independence,MO
64056,$117.50,Independence,MO
64057,$117.50,Independence,MO
64058,$117.50,Independence,MO
64063,$117.50,Lees Summit,MO
64064,$117.50,Lees Summit,MO
64065,$117.50,Lees Summit,MO
64066,$117.50,Levasy,MO
64070,$117.50,Lone Jack,MO
64075,$117.50,Oak Grove,MO
64081,$117.50,Lees Summit,MO
64082,$117.50,Lees Summit,MO
64086,$117.50,Lees Summit,MO
64088,$117.50,Sibley,MO
64101,$117.50,Kansas City,MO
64102,$117.50,Kansas City,MO
64105,$117.50,Kansas City,MO
64106,$117.50,Kansas City,MO
64108,$117.50,Kansas City,MO
64109,$117.50,Kansas City,MO
64110,$117.50,Kansas City,MO
64111,$117.50,Kansas City,MO
64112,$117.50,Kansas City,MO
64113,$117.50,Kansas City,MO
64114,$117.50,Kansas City,MO
64120,$117.50,Kansas City,MO
64121,$117.50,Kansas City,MO
64123,$117.50,Kansas City,MO
64124,$117.50,Kansas City,MO
64125,$117.50,Kansas City,MO
64126,$117.50,Kansas City,MO
64127,$117.50,Kansas City,MO
64128,$117.50,Kansas City,MO
64129,$117.50,Kansas City,MO
64130,$117.50,Kansas City,MO
64131,$117.50,Kansas City,MO
64132,$117.50,Kansas City,MO
64133,$117.50,Kansas City,MO
64134,$117.50,Kansas City,MO
64136,$117.50,Kansas City,MO
64137,$117.50,Kansas City,MO
64138,$117.50,Kansas City,MO
64139,$117.50,Kansas City,MO
64141,$117.50,Kansas City,MO
64145,$117.50,Kansas City,MO
64146,$117.50,Kansas City,MO
64147,$117.50,Kansas City,MO
64148,$117.50,Kansas City,MO
64149,$117.50,Kansas City,MO
64170,$117.50,Kansas City,MO
64171,$117.50,Kansas City,MO
64179,$117.50,Kansas City,MO
64180,$117.50,Kansas City,MO
64184,$117.50,Kansas City,MO
64187,$117.50,Kansas City,MO
64191,$117.50,Kansas City,MO
64196,$117.50,Kansas City,MO
64197,$117.50,Kansas City,MO
64198,$117.50,Kansas City,MO
64199,$117.50,Kansas City,MO
64999,$117.50,Wheaton,MO
66012,$117.50,Bonner Springs,KS
66018,$117.50,De Soto,KS
66021,$117.50,Edgerton,KS
66030,$117.50,Gardner,KS
66031,$117.50,New Century,KS
66051,$117.50,Lecompton,KS
66061,$117.50,Olathe,KS
66062,$117.50,Olathe,KS
66063,$117.50,Olathe,KS
66083,$117.50,Spring Hill,KS
66085,$117.50,Stilwell,KS
66101,$117.50,Kansas City,KS
66102,$117.50,Kansas City,KS
66103,$117.50,Kansas City,KS
66104,$117.50,Kansas City,KS
66105,$117.50,Kansas City,KS
66106,$117.50,Kansas City,KS
66109,$117.50,Kansas City,KS
66110,$117.50,Kansas City,KS
66111,$117.50,Kansas City,KS
66112,$117.50,Kansas City,KS
66113,$117.50,Kansas City,KS
66115,$117.50,Kansas City,KS
66117,$117.50,Kansas City,KS
66118,$117.50,Kansas City,KS
66119,$117.50,Kansas City,KS
66160,$117.50,Kansas City,KS
66201,$117.50,Kansas City,KS
66202,$117.50,Mission,KS
66203,$117.50,Shawnee,KS
66204,$117.50,Overland Park,KS
66205,$117.50,Mission,KS
66206,$117.50,Leawood,KS
66207,$117.50,Overland Park,KS
66208,$117.50,Prairie Village,KS
66209,$117.50,Leawood,KS
66210,$117.50,Overland Park,KS
66211,$117.50,Leawood,KS
66212,$117.50,Overland Park,KS
66213,$117.50,Overland Park,KS
66214,$117.50,Overland Park,KS
66215,$117.50,Lenexa,KS
66216,$117.50,Shawnee,KS
66217,$117.50,Shawnee,KS
66218,$117.50,Shawnee,KS
66219,$117.50,Lenexa,KS
66220,$117.50,Lenexa,KS
66221,$117.50,Overland Park,KS
66222,$117.50,Overland Park,KS
66223,$117.50,Overland Park,KS
66224,$117.50,Overland Park,KS
66225,$117.50,Overland Park,KS
66226,$117.50,Shawnee,KS
66227,$117.50,Lenexa,KS
66250,$117.50,Lenexa,KS
66251,$117.50,Overland Park,KS
66276,$117.50,Overland Park,KS
66282,$117.50,Overland Park,KS
66283,$117.50,Overland Park,KS
66285,$117.50,Overland Park,KS
66286,$117.50,Overland Park,KS
80010,$117.50,Aurora,CO
80012,$117.50,Aurora,CO
80013,$117.50,Aurora,CO
80014,$117.50,Aurora,CO
80015,$117.50,Aurora,CO
80016,$117.50,Aurora,CO
80017,$117.50,Aurora,CO
80018,$117.50,Aurora,CO
80021,$117.50,Broomfield,CO
80033,$117.50,Wheat Ridge,CO
80034,$117.50,Wheat Ridge,CO
80041,$117.50,Wheat Ridge,CO
80044,$117.50,Wheat Ridge,CO
80046,$117.50,Aurora,CO
80047,$117.50,Aurora,CO
80103,$117.50,Byers,CO
80104,$117.50,Castle Rock,CO
80105,$117.50,Deer Trail,CO
80108,$117.50,Castle Rock,CO
80109,$117.50,Castle Rock,CO
80110,$117.50,Englewood,CO
80111,$117.50,Englewood,CO
80112,$117.50,Englewood,CO
80113,$117.50,Englewood,CO
80116,$117.50,Franktown,CO
80118,$117.50,Larkspur,CO
80120,$117.50,Littleton,CO
80121,$117.50,Littleton,CO
80122,$117.50,Littleton,CO
80123,$117.50,Littleton,CO
80124,$117.50,Lone Tree,CO
80125,$117.50,Littleton,CO
80126,$117.50,Littleton,CO
80127,$117.50,Littleton,CO
80128,$117.50,Littleton,CO
80129,$117.50,Littleton,CO
80130,$117.50,Littleton,CO
80131,$117.50,Louviers,CO
80134,$117.50,Parker,CO
80135,$117.50,Sedalia,CO
80138,$117.50,Parker,CO
80150,$117.50,Parker,CO
80151,$117.50,Parker,CO
80155,$117.50,Parker,CO
80160,$117.50,Parker,CO
80161,$117.50,Parker,CO
80162,$117.50,Parker,CO
80163,$117.50,Parker,CO
80165,$117.50,Parker,CO
80166,$117.50,Parker,CO
80214,$117.50,Denver,CO
80215,$117.50,Denver,CO
80225,$117.50,Denver,CO
80226,$117.50,Denver,CO
80228,$117.50,Denver,CO
80232,$117.50,Denver,CO
80401,$117.50,Golden,CO
80402,$117.50,Golden,CO
80403,$117.50,Golden,CO
80419,$117.50,Golden,CO
80425,$117.50,Buffalo Creek,CO
80433,$117.50,Conifer,CO
80437,$117.50,Dumont,CO
80439,$117.50,Evergreen,CO
80453,$117.50,Idledale,CO
80454,$117.50,Indian Hills,CO
80457,$117.50,Kittredge,CO
80465,$117.50,Morrison,CO
80470,$117.50,Pine,CO
84003,$117.50,American Fork,UT
84004,$117.50,Alpine,UT
84006,$117.50,Bingham Canyon,UT
84009,$117.50,South Jordan,UT
84010,$117.50,Bountiful,UT
84011,$117.50,Bountiful,UT
84014,$117.50,Centerville,UT
84020,$117.50,Draper,UT
84042,$117.50,Lindon,UT
84043,$117.50,Lehi,UT
84044,$117.50,Magna,UT
84045,$117.50,Saratoga Springs,UT
84047,$117.50,Midvale,UT
84054,$117.50,North Salt Lake,UT
84057,$117.50,Orem,UT
84058,$117.50,Orem,UT
84059,$117.50,Vineyard,UT
84065,$117.50,Riverton,UT
84070,$117.50,Sandy,UT
84081,$117.50,West Jordan,UT
84084,$117.50,West Jordan,UT
84087,$117.50,Woods Cross,UT
84088,$117.50,West Jordan,UT
84090,$117.50,West Jordan,UT
84091,$117.50,West Jordan,UT
84092,$117.50,Sandy,UT
84093,$117.50,Sandy,UT
84094,$117.50,Sandy,UT
84095,$117.50,South Jordan,UT
84096,$117.50,Herriman,UT
84097,$117.50,Orem,UT
84101,$117.50,Salt Lake City,UT
84102,$117.50,Salt Lake City,UT
84103,$117.50,Salt Lake City,UT
84104,$117.50,Salt Lake City,UT
84105,$117.50,Salt Lake City,UT
84106,$117.50,Salt Lake City,UT
84107,$117.50,Salt Lake City,UT
84108,$117.50,Salt Lake City,UT
84109,$117.50,Salt Lake City,UT
84110,$117.50,Salt Lake City,UT
84111,$117.50,Salt Lake City,UT
84112,$117.50,Salt Lake City,UT
84113,$117.50,Salt Lake City,UT
84114,$117.50,Salt Lake City,UT
84115,$117.50,Salt Lake City,UT
84116,$117.50,Salt Lake City,UT
84117,$117.50,Salt Lake City,UT
84118,$117.50,Salt Lake City,UT
84119,$117.50,West Valley City,UT
84120,$117.50,West Valley City,UT
84121,$117.50,Salt Lake City,UT
84122,$117.50,Salt Lake City,UT
84123,$117.50,Salt Lake City,UT
84124,$117.50,Salt Lake City,UT
84125,$117.50,Salt Lake City,UT
84126,$117.50,Salt Lake City,UT
84127,$117.50,Salt Lake City,UT
84128,$117.50,West Valley City,UT
84129,$117.50,Salt Lake City,UT
84130,$117.50,Salt Lake City,UT
84131,$117.50,Salt Lake City,UT
84132,$117.50,Salt Lake City,UT
84133,$117.50,Salt Lake City,UT
84134,$117.50,Salt Lake City,UT
84136,$117.50,Salt Lake City,UT
84138,$117.50,Salt Lake City,UT
84139,$117.50,Salt Lake City,UT
84141,$117.50,Salt Lake City,UT
84143,$117.50,Salt Lake City,UT
84145,$117.50,Salt Lake City,UT
84147,$117.50,Salt Lake City,UT
84148,$117.50,Salt Lake City,UT
84150,$117.50,Salt Lake City,UT
84151,$117.50,Salt Lake City,UT
84152,$117.50,Salt Lake City,UT
84157,$117.50,Salt Lake City,UT
84158,$117.50,Salt Lake City,UT
84165,$117.50,Salt Lake City,UT
84170,$117.50,Salt Lake City,UT
84171,$117.50,Salt Lake City,UT
84180,$117.50,Salt Lake City,UT
84184,$117.50,Salt Lake City,UT
84189,$117.50,Salt Lake City,UT
84190,$117.50,Salt Lake City,UT
84199,$117.50,Salt Lake City,UT
84601,$117.50,Provo,UT
84602,$117.50,Provo,UT
84603,$117.50,Provo,UT
84604,$117.50,Provo,UT
84605,$117.50,Provo,UT
84606,$117.50,Provo,UT
85001,$117.50,Saint George,UT
85002,$117.50,Saint George,UT
85003,$117.50,Phoenix,AZ
85004,$117.50,Phoenix,AZ
85005,$117.50,Phoenix,AZ
85006,$117.50,Phoenix,AZ
85007,$117.50,Phoenix,AZ
85008,$117.50,Phoenix,AZ
85009,$117.50,Phoenix,AZ
85010,$117.50,Phoenix,AZ
85011,$117.50,Phoenix,AZ
85012,$117.50,Phoenix,AZ
85013,$117.50,Phoenix,AZ
85014,$117.50,Phoenix,AZ
85015,$117.50,Phoenix,AZ
85016,$117.50,Phoenix,AZ
85017,$117.50,Phoenix,AZ
85018,$117.50,Phoenix,AZ
85019,$117.50,Phoenix,AZ
85020,$117.50,Phoenix,AZ
85021,$117.50,Phoenix,AZ
85022,$117.50,Phoenix,AZ
85023,$117.50,Phoenix,AZ
85024,$117.50,Phoenix,AZ
85025,$117.50,Phoenix,AZ
85026,$117.50,Phoenix,AZ
85027,$117.50,Phoenix,AZ
85028,$117.50,Phoenix,AZ
85029,$117.50,Phoenix,AZ
85030,$117.50,Phoenix,AZ
85031,$117.50,Phoenix,AZ
85032,$117.50,Phoenix,AZ
85033,$117.50,Phoenix,AZ
85034,$117.50,Phoenix,AZ
85035,$117.50,Phoenix,AZ
85036,$117.50,Phoenix,AZ
85037,$117.50,Phoenix,AZ
85038,$117.50,Phoenix,AZ
85039,$117.50,Phoenix,AZ
85040,$117.50,Phoenix,AZ
85041,$117.50,Phoenix,AZ
85042,$117.50,Phoenix,AZ
85043,$117.50,Phoenix,AZ
85044,$117.50,Phoenix,AZ
85045,$117.50,Phoenix,AZ
85046,$117.50,Phoenix,AZ
85048,$117.50,Phoenix,AZ
85050,$117.50,Phoenix,AZ
85051,$117.50,Phoenix,AZ
85053,$117.50,Phoenix,AZ
85054,$117.50,Phoenix,AZ
85060,$117.50,Phoenix,AZ
85061,$117.50,Phoenix,AZ
85062,$117.50,Phoenix,AZ
85063,$117.50,Phoenix,AZ
85064,$117.50,Phoenix,AZ
85065,$117.50,Phoenix,AZ
85066,$117.50,Phoenix,AZ
85067,$117.50,Phoenix,AZ
85068,$117.50,Phoenix,AZ
85069,$117.50,Phoenix,AZ
85070,$117.50,Phoenix,AZ
85071,$117.50,Phoenix,AZ
85072,$117.50,Phoenix,AZ
85073,$117.50,Phoenix,AZ
85074,$117.50,Phoenix,AZ
85075,$117.50,Phoenix,AZ
85076,$117.50,Phoenix,AZ
85078,$117.50,Phoenix,AZ
85079,$117.50,Phoenix,AZ
85080,$117.50,Phoenix,AZ
85082,$117.50,Phoenix,AZ
85083,$117.50,Phoenix,AZ
85085,$117.50,Phoenix,AZ
85086,$117.50,Phoenix,AZ
85087,$117.50,New River,AZ
85097,$117.50,New River,AZ
85098,$117.50,New River,AZ
85117,$117.50,New River,AZ
85118,$117.50,Gold Canyon,AZ
85119,$117.50,Apache Junction,AZ
85120,$117.50,Apache Junction,AZ
85121,$117.50,Bapchule,AZ
85127,$117.50,Arizona City,AZ
85130,$117.50,Coolidge,AZ
85138,$117.50,Maricopa,AZ
85139,$117.50,Maricopa,AZ
85140,$117.50,San Tan Valley,AZ
85142,$117.50,Queen Creek,AZ
85143,$117.50,San Tan Valley,AZ
85144,$117.50,San Tan Valley,AZ
85147,$117.50,Sacaton,AZ
85172,$117.50,Stanfield,AZ
85178,$117.50,Superior,AZ
85190,$117.50,Superior,AZ
85194,$117.50,Casa Grande,AZ
85201,$117.50,Mesa,AZ
85202,$117.50,Mesa,AZ
85203,$117.50,Mesa,AZ
85204,$117.50,Mesa,AZ
85205,$117.50,Mesa,AZ
85206,$117.50,Mesa,AZ
85207,$117.50,Mesa,AZ
85208,$117.50,Mesa,AZ
85209,$117.50,Mesa,AZ
85210,$117.50,Mesa,AZ
85211,$117.50,Mesa,AZ
85212,$117.50,Mesa,AZ
85213,$117.50,Mesa,AZ
85214,$117.50,Mesa,AZ
85215,$117.50,Mesa,AZ
85216,$117.50,Mesa,AZ
85224,$117.50,Chandler,AZ
85225,$117.50,Chandler,AZ
85226,$117.50,Chandler,AZ
85233,$117.50,Gilbert,AZ
85234,$117.50,Gilbert,AZ
85236,$117.50,Higley,AZ
85244,$117.50,Higley,AZ
85246,$117.50,Higley,AZ
85248,$117.50,Chandler,AZ
85249,$117.50,Chandler,AZ
85250,$117.50,Scottsdale,AZ
85251,$117.50,Scottsdale,AZ
85252,$117.50,Scottsdale,AZ
85253,$117.50,Paradise Valley,AZ
85254,$117.50,Scottsdale,AZ
85255,$117.50,Scottsdale,AZ
85256,$117.50,Scottsdale,AZ
85257,$117.50,Scottsdale,AZ
85258,$117.50,Scottsdale,AZ
85259,$117.50,Scottsdale,AZ
85260,$117.50,Scottsdale,AZ
85261,$117.50,Scottsdale,AZ
85262,$117.50,Scottsdale,AZ
85263,$117.50,Rio Verde,AZ
85264,$117.50,Fort Mcdowell,AZ
85266,$117.50,Scottsdale,AZ
85267,$117.50,Scottsdale,AZ
85268,$117.50,Fountain Hills,AZ
85269,$117.50,Fountain Hills,AZ
85271,$117.50,Fountain Hills,AZ
85274,$117.50,Fountain Hills,AZ
85275,$117.50,Fountain Hills,AZ
85277,$117.50,Fountain Hills,AZ
85280,$117.50,Fountain Hills,AZ
85281,$117.50,Tempe,AZ
85282,$117.50,Tempe,AZ
85283,$117.50,Tempe,AZ
85284,$117.50,Tempe,AZ
85285,$117.50,Tempe,AZ
85286,$117.50,Chandler,AZ
85287,$117.50,Chandler,AZ
85295,$117.50,Gilbert,AZ
85296,$117.50,Gilbert,AZ
85297,$117.50,Gilbert,AZ
85298,$117.50,Gilbert,AZ
85299,$117.50,Gilbert,AZ
85301,$117.50,Glendale,AZ
85302,$117.50,Glendale,AZ
85303,$117.50,Glendale,AZ
85304,$117.50,Glendale,AZ
85305,$117.50,Glendale,AZ
85306,$117.50,Glendale,AZ
85307,$117.50,Glendale,AZ
85308,$117.50,Glendale,AZ
85309,$117.50,Luke Air Force Base,AZ
85310,$117.50,Glendale,AZ
85311,$117.50,Glendale,AZ
85312,$117.50,Glendale,AZ
85318,$117.50,Glendale,AZ
85320,$117.50,Aguila,AZ
85323,$117.50,Avondale,AZ
85326,$117.50,Buckeye,AZ
85327,$117.50,Cave Creek,AZ
85329,$117.50,Cashion,AZ
85331,$117.50,Cave Creek,AZ
85335,$117.50,El Mirage,AZ
85338,$117.50,Goodyear,AZ
85339,$117.50,Laveen,AZ
85340,$117.50,Litchfield Park,AZ
85342,$117.50,Morristown,AZ
85345,$117.50,Peoria,AZ
85351,$117.50,Sun City,AZ
85353,$117.50,Tolleson,AZ
85355,$117.50,Waddell,AZ
85358,$117.50,Wenden,AZ
85361,$117.50,Wittmann,AZ
85363,$117.50,Youngtown,AZ
85372,$117.50,Poston,AZ
85373,$117.50,Sun City,AZ
85374,$117.50,Surprise,AZ
85375,$117.50,Sun City West,AZ
85376,$117.50,Sun City West,AZ
85377,$117.50,Carefree,AZ
85378,$117.50,Surprise,AZ
85379,$117.50,Surprise,AZ
85380,$117.50,Surprise,AZ
85381,$117.50,Peoria,AZ
85382,$117.50,Peoria,AZ
85383,$117.50,Peoria,AZ
85385,$117.50,Peoria,AZ
85387,$117.50,Surprise,AZ
85388,$117.50,Surprise,AZ
85390,$117.50,Wickenburg,AZ
85392,$117.50,Avondale,AZ
85395,$117.50,Goodyear,AZ
85396,$117.50,Buckeye,AZ
90001,$117.50,Los Angeles,CA
90002,$117.50,Los Angeles,CA
90003,$117.50,Los Angeles,CA
90004,$117.50,Los Angeles,CA
90005,$117.50,Los Angeles,CA
90006,$117.50,Los Angeles,CA
90007,$117.50,Los Angeles,CA
90008,$117.50,Los Angeles,CA
90009,$117.50,Los Angeles,CA
90010,$117.50,Los Angeles,CA
90011,$117.50,Los Angeles,CA
90012,$117.50,Los Angeles,CA
90013,$117.50,Los Angeles,CA
90014,$117.50,Los Angeles,CA
90015,$117.50,Los Angeles,CA
90016,$117.50,Los Angeles,CA
90017,$117.50,Los Angeles,CA
90018,$117.50,Los Angeles,CA
90019,$117.50,Los Angeles,CA
90020,$117.50,Los Angeles,CA
90021,$117.50,Los Angeles,CA
90022,$117.50,Los Angeles,CA
90023,$117.50,Los Angeles,CA
90024,$117.50,Los Angeles,CA
90025,$117.50,Los Angeles,CA
90026,$117.50,Los Angeles,CA
90027,$117.50,Los Angeles,CA
90028,$117.50,Los Angeles,CA
90029,$117.50,Los Angeles,CA
90030,$117.50,Los Angeles,CA
90031,$117.50,Los Angeles,CA
90032,$117.50,Los Angeles,CA
90033,$117.50,Los Angeles,CA
90034,$117.50,Los Angeles,CA
90035,$117.50,Los Angeles,CA
90036,$117.50,Los Angeles,CA
90037,$117.50,Los Angeles,CA
90038,$117.50,Los Angeles,CA
90039,$117.50,Los Angeles,CA
90040,$117.50,Los Angeles,CA
90041,$117.50,Los Angeles,CA
90042,$117.50,Los Angeles,CA
90043,$117.50,Los Angeles,CA
90044,$117.50,Los Angeles,CA
90045,$117.50,Los Angeles,CA
90046,$117.50,Los Angeles,CA
90047,$117.50,Los Angeles,CA
90048,$117.50,Los Angeles,CA
90049,$117.50,Los Angeles,CA
90050,$117.50,Los Angeles,CA
90051,$117.50,Los Angeles,CA
90052,$117.50,Los Angeles,CA
90053,$117.50,Los Angeles,CA
90054,$117.50,Los Angeles,CA
90055,$117.50,Los Angeles,CA
90056,$117.50,Los Angeles,CA
90057,$117.50,Los Angeles,CA
90058,$117.50,Los Angeles,CA
90059,$117.50,Los Angeles,CA
90060,$117.50,Los Angeles,CA
90061,$117.50,Los Angeles,CA
90062,$117.50,Los Angeles,CA
90063,$117.50,Los Angeles,CA
90064,$117.50,Los Angeles,CA
90065,$117.50,Los Angeles,CA
90066,$117.50,Los Angeles,CA
90067,$117.50,Los Angeles,CA
90068,$117.50,Los Angeles,CA
90069,$117.50,West Hollywood,CA
90070,$117.50,West Hollywood,CA
90071,$117.50,Los Angeles,CA
90072,$117.50,Los Angeles,CA
90073,$117.50,Los Angeles,CA
90074,$117.50,Los Angeles,CA
90075,$117.50,Los Angeles,CA
90076,$117.50,Los Angeles,CA
90077,$117.50,Los Angeles,CA
90078,$117.50,Los Angeles,CA
90079,$117.50,Los Angeles,CA
90080,$117.50,Los Angeles,CA
90081,$117.50,Los Angeles,CA
90082,$117.50,Los Angeles,CA
90083,$117.50,Los Angeles,CA
90084,$117.50,Los Angeles,CA
90086,$117.50,Los Angeles,CA
90087,$117.50,Los Angeles,CA
90088,$117.50,Los Angeles,CA
90089,$117.50,Los Angeles,CA
90090,$117.50,Los Angeles,CA
90091,$117.50,Los Angeles,CA
90093,$117.50,Los Angeles,CA
90094,$117.50,Playa Vista,CA
90095,$117.50,Los Angeles,CA
90096,$117.50,Los Angeles,CA
90099,$117.50,Los Angeles,CA
90189,$117.50,Los Angeles,CA
90201,$117.50,Bell Gardens,CA
90202,$117.50,Bell Gardens,CA
90209,$117.50,Bell Gardens,CA
90210,$117.50,Beverly Hills,CA
90211,$117.50,Beverly Hills,CA
90212,$117.50,Beverly Hills,CA
90213,$117.50,Beverly Hills,CA
90220,$117.50,Compton,CA
90221,$117.50,Compton,CA
90222,$117.50,Compton,CA
90223,$117.50,Compton,CA
90224,$117.50,Compton,CA
90230,$117.50,Culver City,CA
90231,$117.50,Culver City,CA
90232,$117.50,Culver City,CA
90233,$117.50,Culver City,CA
90239,$117.50,Culver City,CA
90240,$117.50,Downey,CA
90241,$117.50,Downey,CA
90242,$117.50,Downey,CA
90245,$117.50,El Segundo,CA
90247,$117.50,Gardena,CA
90248,$117.50,Gardena,CA
90249,$117.50,Gardena,CA
90250,$117.50,Hawthorne,CA
90251,$117.50,Hawthorne,CA
90254,$117.50,Hermosa Beach,CA
90255,$117.50,Huntington Park,CA
90260,$117.50,Lawndale,CA
90261,$117.50,Lawndale,CA
90262,$117.50,Lynwood,CA
90263,$117.50,Malibu,CA
90264,$117.50,Malibu,CA
90265,$117.50,Malibu,CA
90266,$117.50,Manhattan Beach,CA
90267,$117.50,Manhattan Beach,CA
90270,$117.50,Maywood,CA
90272,$117.50,Pacific Palisades,CA
90274,$117.50,Palos Verdes Peninsula,CA
90275,$117.50,Rancho Palos Verdes,CA
90277,$117.50,Redondo Beach,CA
90278,$117.50,Redondo Beach,CA
90280,$117.50,South Gate,CA
90290,$117.50,Topanga,CA
90291,$117.50,Venice,CA
90292,$117.50,Marina Del Rey,CA
90293,$117.50,Playa Del Rey,CA
90294,$117.50,Playa Del Rey,CA
90295,$117.50,Playa Del Rey,CA
90296,$117.50,Playa Del Rey,CA
90301,$117.50,Inglewood,CA
90302,$117.50,Inglewood,CA
90303,$117.50,Inglewood,CA
90304,$117.50,Inglewood,CA
90305,$117.50,Inglewood,CA
90306,$117.50,Inglewood,CA
90307,$117.50,Inglewood,CA
90308,$117.50,Inglewood,CA
90309,$117.50,Inglewood,CA
90310,$117.50,Inglewood,CA
90311,$117.50,Inglewood,CA
90312,$117.50,Inglewood,CA
90401,$117.50,Santa Monica,CA
90402,$117.50,Santa Monica,CA
90403,$117.50,Santa Monica,CA
90404,$117.50,Santa Monica,CA
90405,$117.50,Santa Monica,CA
90406,$117.50,Santa Monica,CA
90407,$117.50,Santa Monica,CA
90408,$117.50,Santa Monica,CA
90409,$117.50,Santa Monica,CA
90410,$117.50,Santa Monica,CA
90411,$117.50,Santa Monica,CA
90501,$117.50,Torrance,CA
90502,$117.50,Torrance,CA
90503,$117.50,Torrance,CA
90504,$117.50,Torrance,CA
90505,$117.50,Torrance,CA
90506,$117.50,Torrance,CA
90507,$117.50,Torrance,CA
90508,$117.50,Torrance,CA
90509,$117.50,Torrance,CA
90510,$117.50,Torrance,CA
90601,$117.50,Whittier,CA
90602,$117.50,Whittier,CA
90603,$117.50,Whittier,CA
90604,$117.50,Whittier,CA
90605,$117.50,Whittier,CA
90606,$117.50,Whittier,CA
90607,$117.50,Whittier,CA
90608,$117.50,Whittier,CA
90609,$117.50,Whittier,CA
90610,$117.50,Whittier,CA
90620,$117.50,Buena Park,CA
90621,$117.50,Buena Park,CA
90622,$117.50,Buena Park,CA
90623,$117.50,La Palma,CA
90624,$117.50,La Palma,CA
90630,$117.50,Cypress,CA
90631,$117.50,La Habra,CA
90632,$117.50,La Habra,CA
90633,$117.50,La Habra,CA
90637,$117.50,La Habra,CA
90638,$117.50,La Mirada,CA
90639,$117.50,La Mirada,CA
90640,$117.50,Montebello,CA
90650,$117.50,Norwalk,CA
90651,$117.50,Norwalk,CA
90652,$117.50,Norwalk,CA
90660,$117.50,Pico Rivera,CA
90661,$117.50,Pico Rivera,CA
90662,$117.50,Pico Rivera,CA
90670,$117.50,Santa Fe Springs,CA
90671,$117.50,Santa Fe Springs,CA
90680,$117.50,Stanton,CA
90701,$117.50,Artesia,CA
90702,$117.50,Artesia,CA
90703,$117.50,Cerritos,CA
90704,$117.50,Avalon,CA
90706,$117.50,Bellflower,CA
90707,$117.50,Bellflower,CA
90710,$117.50,Harbor City,CA
90711,$117.50,Harbor City,CA
90712,$117.50,Lakewood,CA
90713,$117.50,Lakewood,CA
90714,$117.50,Lakewood,CA
90715,$117.50,Lakewood,CA
90716,$117.50,Hawaiian Gardens,CA
90717,$117.50,Lomita,CA
90720,$117.50,Los Alamitos,CA
90721,$117.50,Los Alamitos,CA
90723,$117.50,Paramount,CA
90731,$117.50,San Pedro,CA
90732,$117.50,San Pedro,CA
90733,$117.50,San Pedro,CA
90734,$117.50,San Pedro,CA
90740,$117.50,Seal Beach,CA
90742,$117.50,Sunset Beach,CA
90743,$117.50,Surfside,CA
90744,$117.50,Wilmington,CA
90745,$117.50,Carson,CA
90746,$117.50,Carson,CA
90747,$117.50,Carson,CA
90748,$117.50,Carson,CA
90749,$117.50,Carson,CA
90755,$117.50,Signal Hill,CA
90801,$117.50,Signal Hill,CA
90802,$117.50,Long Beach,CA
90803,$117.50,Long Beach,CA
90804,$117.50,Long Beach,CA
90805,$117.50,Long Beach,CA
90806,$117.50,Long Beach,CA
90807,$117.50,Long Beach,CA
90808,$117.50,Long Beach,CA
90809,$117.50,Long Beach,CA
90810,$117.50,Long Beach,CA
90813,$117.50,Long Beach,CA
90814,$117.50,Long Beach,CA
90815,$117.50,Long Beach,CA
90822,$117.50,Long Beach,CA
90831,$117.50,Long Beach,CA
90832,$117.50,Long Beach,CA
90833,$117.50,Long Beach,CA
90834,$117.50,Long Beach,CA
90835,$117.50,Long Beach,CA
90840,$117.50,Long Beach,CA
90842,$117.50,Long Beach,CA
90844,$117.50,Long Beach,CA
90846,$117.50,Long Beach,CA
90847,$117.50,Long Beach,CA
90848,$117.50,Long Beach,CA
90853,$117.50,Long Beach,CA
90895,$117.50,Long Beach,CA
90899,$117.50,Long Beach,CA
91001,$117.50,Altadena,CA
91003,$117.50,Altadena,CA
91006,$117.50,Arcadia,CA
91007,$117.50,Arcadia,CA
91008,$117.50,Duarte,CA
91009,$117.50,Duarte,CA
91010,$117.50,Duarte,CA
91011,$117.50,La Canada Flintridge,CA
91012,$117.50,La Canada Flintridge,CA
91016,$117.50,Monrovia,CA
91017,$117.50,Monrovia,CA
91020,$117.50,Montrose,CA
91021,$117.50,Montrose,CA
91023,$117.50,Montrose,CA
91024,$117.50,Sierra Madre,CA
91025,$117.50,Sierra Madre,CA
91030,$117.50,South Pasadena,CA
91031,$117.50,South Pasadena,CA
91040,$117.50,Sunland,CA
91041,$117.50,Sunland,CA
91042,$117.50,Tujunga,CA
91043,$117.50,Tujunga,CA
91046,$117.50,Verdugo City,CA
91066,$117.50,Verdugo City,CA
91077,$117.50,Verdugo City,CA
91101,$117.50,Pasadena,CA
91102,$117.50,Pasadena,CA
91103,$117.50,Pasadena,CA
91104,$117.50,Pasadena,CA
91105,$117.50,Pasadena,CA
91106,$117.50,Pasadena,CA
91107,$117.50,Pasadena,CA
91108,$117.50,San Marino,CA
91109,$117.50,San Marino,CA
91110,$117.50,San Marino,CA
91114,$117.50,San Marino,CA
91115,$117.50,San Marino,CA
91116,$117.50,San Marino,CA
91117,$117.50,San Marino,CA
91118,$117.50,San Marino,CA
91121,$117.50,San Marino,CA
91123,$117.50,San Marino,CA
91124,$117.50,San Marino,CA
91125,$117.50,Pasadena,CA
91126,$117.50,Pasadena,CA
91129,$117.50,Pasadena,CA
91182,$117.50,Pasadena,CA
91184,$117.50,Pasadena,CA
91185,$117.50,Pasadena,CA
91188,$117.50,Pasadena,CA
91189,$117.50,Pasadena,CA
91199,$117.50,Pasadena,CA
91201,$117.50,Glendale,CA
91202,$117.50,Glendale,CA
91203,$117.50,Glendale,CA
91204,$117.50,Glendale,CA
91205,$117.50,Glendale,CA
91206,$117.50,Glendale,CA
91207,$117.50,Glendale,CA
91208,$117.50,Glendale,CA
91209,$117.50,Glendale,CA
91210,$117.50,Glendale,CA
91214,$117.50,La Crescenta,CA
91221,$117.50,La Crescenta,CA
91222,$117.50,La Crescenta,CA
91224,$117.50,La Crescenta,CA
91225,$117.50,La Crescenta,CA
91226,$117.50,La Crescenta,CA
91301,$117.50,Agoura Hills,CA
91302,$117.50,Calabasas,CA
91303,$117.50,Canoga Park,CA
91304,$117.50,Canoga Park,CA
91305,$117.50,Canoga Park,CA
91306,$117.50,Winnetka,CA
91307,$117.50,West Hills,CA
91308,$117.50,West Hills,CA
91309,$117.50,West Hills,CA
91310,$117.50,West Hills,CA
91311,$117.50,Chatsworth,CA
91313,$117.50,Chatsworth,CA
91316,$117.50,Encino,CA
91321,$117.50,Newhall,CA
91322,$117.50,Newhall,CA
91324,$117.50,Northridge,CA
91325,$117.50,Northridge,CA
91326,$117.50,Porter Ranch,CA
91327,$117.50,Porter Ranch,CA
91328,$117.50,Porter Ranch,CA
91329,$117.50,Porter Ranch,CA
91330,$117.50,Northridge,CA
91331,$117.50,Pacoima,CA
91333,$117.50,Pacoima,CA
91334,$117.50,Pacoima,CA
91335,$117.50,Reseda,CA
91337,$117.50,Reseda,CA
91340,$117.50,San Fernando,CA
91341,$117.50,San Fernando,CA
91342,$117.50,Sylmar,CA
91343,$117.50,North Hills,CA
91344,$117.50,Granada Hills,CA
91345,$117.50,Mission Hills,CA
91346,$117.50,Mission Hills,CA
91350,$117.50,Santa Clarita,CA
91351,$117.50,Canyon Country,CA
91352,$117.50,Sun Valley,CA
91353,$117.50,Sun Valley,CA
91354,$117.50,Valencia,CA
91355,$117.50,Valencia,CA
91356,$117.50,Tarzana,CA
91357,$117.50,Tarzana,CA
91364,$117.50,Woodland Hills,CA
91365,$117.50,Woodland Hills,CA
91367,$117.50,Woodland Hills,CA
91371,$117.50,Woodland Hills,CA
91372,$117.50,Woodland Hills,CA
91376,$117.50,Woodland Hills,CA
91380,$117.50,Oak Park,CA
91381,$117.50,Stevenson Ranch,CA
91382,$117.50,Stevenson Ranch,CA
91383,$117.50,Stevenson Ranch,CA
91384,$117.50,Castaic,CA
91385,$117.50,Castaic,CA
91386,$117.50,Castaic,CA
91387,$117.50,Canyon Country,CA
91390,$117.50,Santa Clarita,CA
91392,$117.50,Santa Clarita,CA
91393,$117.50,Santa Clarita,CA
91394,$117.50,Santa Clarita,CA
91395,$117.50,Santa Clarita,CA
91396,$117.50,Santa Clarita,CA
91401,$117.50,Van Nuys,CA
91402,$117.50,Panorama City,CA
91403,$117.50,Sherman Oaks,CA
91404,$117.50,Sherman Oaks,CA
91405,$117.50,Van Nuys,CA
91406,$117.50,Van Nuys,CA
91407,$117.50,Van Nuys,CA
91408,$117.50,Van Nuys,CA
91409,$117.50,Van Nuys,CA
91410,$117.50,Van Nuys,CA
91411,$117.50,Van Nuys,CA
91412,$117.50,Van Nuys,CA
91413,$117.50,Van Nuys,CA
91416,$117.50,Van Nuys,CA
91423,$117.50,Sherman Oaks,CA
91426,$117.50,Sherman Oaks,CA
91436,$117.50,Encino,CA
91470,$117.50,Encino,CA
91482,$117.50,Encino,CA
91495,$117.50,Encino,CA
91496,$117.50,Encino,CA
91499,$117.50,Encino,CA
91501,$117.50,Burbank,CA
91502,$117.50,Burbank,CA
91503,$117.50,Burbank,CA
91504,$117.50,Burbank,CA
91505,$117.50,Burbank,CA
91506,$117.50,Burbank,CA
91507,$117.50,Burbank,CA
91508,$117.50,Burbank,CA
91510,$117.50,Burbank,CA
91521,$117.50,Burbank,CA
91522,$117.50,Burbank,CA
91523,$117.50,Burbank,CA
91526,$117.50,Burbank,CA
91601,$117.50,North Hollywood,CA
91602,$117.50,North Hollywood,CA
91603,$117.50,North Hollywood,CA
91604,$117.50,Studio City,CA
91605,$117.50,North Hollywood,CA
91606,$117.50,North Hollywood,CA
91607,$117.50,Valley Village,CA
91608,$117.50,Universal City,CA
91609,$117.50,Universal City,CA
91610,$117.50,Universal City,CA
91611,$117.50,Universal City,CA
91612,$117.50,Universal City,CA
91614,$117.50,Universal City,CA
91615,$117.50,Universal City,CA
91616,$117.50,Universal City,CA
91617,$117.50,Universal City,CA
91618,$117.50,Universal City,CA
91701,$117.50,Rancho Cucamonga,CA
91702,$117.50,Azusa,CA
91706,$117.50,Baldwin Park,CA
91708,$117.50,Chino,CA
91709,$117.50,Chino Hills,CA
91710,$117.50,Chino,CA
91711,$117.50,Claremont,CA
91714,$117.50,Claremont,CA
91715,$117.50,Claremont,CA
91716,$117.50,Claremont,CA
91722,$117.50,Covina,CA
91723,$117.50,Covina,CA
91724,$117.50,Covina,CA
91729,$117.50,Covina,CA
91730,$117.50,Rancho Cucamonga,CA
91731,$117.50,El Monte,CA
91732,$117.50,El Monte,CA
91733,$117.50,South El Monte,CA
91734,$117.50,South El Monte,CA
91735,$117.50,South El Monte,CA
91737,$117.50,Rancho Cucamonga,CA
91739,$117.50,Rancho Cucamonga,CA
91740,$117.50,Glendora,CA
91741,$117.50,Glendora,CA
91743,$117.50,Glendora,CA
91744,$117.50,La Puente,CA
91745,$117.50,Hacienda Heights,CA
91746,$117.50,La Puente,CA
91747,$117.50,La Puente,CA
91748,$117.50,Rowland Heights,CA
91749,$117.50,Rowland Heights,CA
91750,$117.50,La Verne,CA
91752,$117.50,Mira Loma,CA
91754,$117.50,Monterey Park,CA
91755,$117.50,Monterey Park,CA
91756,$117.50,Monterey Park,CA
91758,$117.50,Monterey Park,CA
91761,$117.50,Ontario,CA
91762,$117.50,Ontario,CA
91763,$117.50,Montclair,CA
91764,$117.50,Ontario,CA
91765,$117.50,Diamond Bar,CA
91766,$117.50,Pomona,CA
91767,$117.50,Pomona,CA
91768,$117.50,Pomona,CA
91769,$117.50,Pomona,CA
91770,$117.50,Rosemead,CA
91771,$117.50,Rosemead,CA
91772,$117.50,Rosemead,CA
91773,$117.50,San Dimas,CA
91775,$117.50,San Gabriel,CA
91776,$117.50,San Gabriel,CA
91778,$117.50,San Gabriel,CA
91780,$117.50,Temple City,CA
91784,$117.50,Upland,CA
91785,$117.50,Upland,CA
91786,$117.50,Upland,CA
91788,$117.50,Upland,CA
91789,$117.50,Walnut,CA
91790,$117.50,West Covina,CA
91791,$117.50,West Covina,CA
91792,$117.50,West Covina,CA
91793,$117.50,West Covina,CA
91801,$117.50,Alhambra,CA
91802,$117.50,Alhambra,CA
91803,$117.50,Alhambra,CA
91804,$117.50,Alhambra,CA
91896,$117.50,Alhambra,CA
91899,$117.50,Alhambra,CA
91901,$117.50,Alpine,CA
91902,$117.50,Bonita,CA
91903,$117.50,Bonita,CA
91905,$117.50,Boulevard,CA
91906,$117.50,Campo,CA
91908,$117.50,Campo,CA
91909,$117.50,Campo,CA
91910,$117.50,Chula Vista,CA
91911,$117.50,Chula Vista,CA
91912,$117.50,Chula Vista,CA
91913,$117.50,Chula Vista,CA
91914,$117.50,Chula Vista,CA
91915,$117.50,Chula Vista,CA
91916,$117.50,Descanso,CA
91917,$117.50,Dulzura,CA
91921,$117.50,Dulzura,CA
91931,$117.50,Guatay,CA
91932,$117.50,Imperial Beach,CA
91933,$117.50,Imperial Beach,CA
91934,$117.50,Jacumba,CA
91935,$117.50,Jamul,CA
91941,$117.50,La Mesa,CA
91942,$117.50,La Mesa,CA
91943,$117.50,La Mesa,CA
91944,$117.50,La Mesa,CA
91945,$117.50,Lemon Grove,CA
91946,$117.50,Lemon Grove,CA
91948,$117.50,Mount Laguna,CA
91950,$117.50,National City,CA
91951,$117.50,National City,CA
91962,$117.50,Pine Valley,CA
91963,$117.50,Potrero,CA
91976,$117.50,Potrero,CA
91977,$117.50,Spring Valley,CA
91978,$117.50,Spring Valley,CA
91979,$117.50,Spring Valley,CA
91980,$117.50,Tecate,CA
91987,$117.50,Tecate,CA
92003,$117.50,Bonsall,CA
92004,$117.50,Borrego Springs,CA
92007,$117.50,Cardiff By The Sea,CA
92008,$117.50,Carlsbad,CA
92009,$117.50,Carlsbad,CA
92010,$117.50,Carlsbad,CA
92011,$117.50,Carlsbad,CA
92013,$117.50,Carlsbad,CA
92014,$117.50,Del Mar,CA
92018,$117.50,Del Mar,CA
92019,$117.50,El Cajon,CA
92020,$117.50,El Cajon,CA
92021,$117.50,El Cajon,CA
92022,$117.50,El Cajon,CA
92023,$117.50,El Cajon,CA
92024,$117.50,Encinitas,CA
92025,$117.50,Escondido,CA
92026,$117.50,Escondido,CA
92027,$117.50,Escondido,CA
92028,$117.50,Fallbrook,CA
92029,$117.50,Escondido,CA
92030,$117.50,Escondido,CA
92033,$117.50,Escondido,CA
92036,$117.50,Julian,CA
92037,$117.50,La Jolla,CA
92038,$117.50,La Jolla,CA
92039,$117.50,La Jolla,CA
92040,$117.50,Lakeside,CA
92046,$117.50,Lakeside,CA
92049,$117.50,Lakeside,CA
92051,$117.50,Lakeside,CA
92052,$117.50,Lakeside,CA
92054,$117.50,Oceanside,CA
92055,$117.50,Camp Pendleton,CA
92056,$117.50,Oceanside,CA
92057,$117.50,Oceanside,CA
92058,$117.50,Oceanside,CA
92059,$117.50,Pala,CA
92060,$117.50,Palomar Mountain,CA
92061,$117.50,Pauma Valley,CA
92064,$117.50,Poway,CA
92065,$117.50,Ramona,CA
92066,$117.50,Ranchita,CA
92067,$117.50,Rancho Santa Fe,CA
92068,$117.50,Rancho Santa Fe,CA
92069,$117.50,San Marcos,CA
92070,$117.50,Santa Ysabel,CA
92071,$117.50,Santee,CA
92072,$117.50,Santee,CA
92074,$117.50,Santee,CA
92075,$117.50,Solana Beach,CA
92078,$117.50,San Marcos,CA
92079,$117.50,San Marcos,CA
92081,$117.50,Vista,CA
92082,$117.50,Valley Center,CA
92083,$117.50,Vista,CA
92084,$117.50,Vista,CA
92085,$117.50,Vista,CA
92086,$117.50,Warner Springs,CA
92088,$117.50,Warner Springs,CA
92091,$117.50,Rancho Santa Fe,CA
92092,$117.50,La Jolla,CA
92093,$117.50,La Jolla,CA
92096,$117.50,San Marcos,CA
92101,$117.50,San Diego,CA
92102,$117.50,San Diego,CA
92103,$117.50,San Diego,CA
92104,$117.50,San Diego,CA
92105,$117.50,San Diego,CA
92106,$117.50,San Diego,CA
92107,$117.50,San Diego,CA
92108,$117.50,San Diego,CA
92109,$117.50,San Diego,CA
92110,$117.50,San Diego,CA
92111,$117.50,San Diego,CA
92112,$117.50,San Diego,CA
92113,$117.50,San Diego,CA
92114,$117.50,San Diego,CA
92115,$117.50,San Diego,CA
92116,$117.50,San Diego,CA
92117,$117.50,San Diego,CA
92118,$117.50,Coronado,CA
92119,$117.50,San Diego,CA
92120,$117.50,San Diego,CA
92121,$117.50,San Diego,CA
92122,$117.50,San Diego,CA
92123,$117.50,San Diego,CA
92124,$117.50,San Diego,CA
92126,$117.50,San Diego,CA
92127,$117.50,San Diego,CA
92128,$117.50,San Diego,CA
92129,$117.50,San Diego,CA
92130,$117.50,San Diego,CA
92131,$117.50,San Diego,CA
92132,$117.50,San Diego,CA
92134,$117.50,San Diego,CA
92135,$117.50,San Diego,CA
92136,$117.50,San Diego,CA
92137,$117.50,San Diego,CA
92138,$117.50,San Diego,CA
92139,$117.50,San Diego,CA
92140,$117.50,San Diego,CA
92142,$117.50,San Diego,CA
92143,$117.50,San Diego,CA
92145,$117.50,San Diego,CA
92147,$117.50,San Diego,CA
92149,$117.50,San Diego,CA
92150,$117.50,San Diego,CA
92152,$117.50,San Diego,CA
92153,$117.50,San Diego,CA
92154,$117.50,San Diego,CA
92155,$117.50,San Diego,CA
92158,$117.50,San Diego,CA
92159,$117.50,San Diego,CA
92160,$117.50,San Diego,CA
92161,$117.50,San Diego,CA
92163,$117.50,San Diego,CA
92165,$117.50,San Diego,CA
92166,$117.50,San Diego,CA
92167,$117.50,San Diego,CA
92168,$117.50,San Diego,CA
92169,$117.50,San Diego,CA
92170,$117.50,San Diego,CA
92171,$117.50,San Diego,CA
92172,$117.50,San Diego,CA
92173,$117.50,San Ysidro,CA
92174,$117.50,San Ysidro,CA
92175,$117.50,San Ysidro,CA
92176,$117.50,San Ysidro,CA
92177,$117.50,San Ysidro,CA
92178,$117.50,San Ysidro,CA
92179,$117.50,San Diego,CA
92182,$117.50,San Diego,CA
92186,$117.50,San Diego,CA
92187,$117.50,San Diego,CA
92190,$117.50,San Diego,CA
92191,$117.50,San Diego,CA
92192,$117.50,San Diego,CA
92193,$117.50,San Diego,CA
92195,$117.50,San Diego,CA
92196,$117.50,San Diego,CA
92197,$117.50,San Diego,CA
92198,$117.50,San Diego,CA
92199,$117.50,San Diego,CA
92220,$117.50,Banning,CA
92223,$117.50,Beaumont,CA
92230,$117.50,Cabazon,CA
92313,$117.50,Grand Terrace,CA
92316,$117.50,Bloomington,CA
92318,$117.50,Blue Jay,CA
92320,$117.50,Calimesa,CA
92324,$117.50,Colton,CA
92331,$117.50,Death Valley,CA
92334,$117.50,Fawnskin,CA
92335,$117.50,Fontana,CA
92336,$117.50,Fontana,CA
92337,$117.50,Fontana,CA
92346,$117.50,Highland,CA
92350,$117.50,Loma Linda,CA
92354,$117.50,Loma Linda,CA
92357,$117.50,Lucerne Valley,CA
92359,$117.50,Mentone,CA
92369,$117.50,Patton,CA
92373,$117.50,Redlands,CA
92374,$117.50,Redlands,CA
92375,$117.50,Redlands,CA
92376,$117.50,Rialto,CA
92377,$117.50,Rialto,CA
92399,$117.50,Yucaipa,CA
92401,$117.50,San Bernardino,CA
92402,$117.50,San Bernardino,CA
92403,$117.50,San Bernardino,CA
92404,$117.50,San Bernardino,CA
92405,$117.50,San Bernardino,CA
92406,$117.50,San Bernardino,CA
92408,$117.50,San Bernardino,CA
92410,$117.50,San Bernardino,CA
92411,$117.50,San Bernardino,CA
92413,$117.50,San Bernardino,CA
92415,$117.50,San Bernardino,CA
92418,$117.50,San Bernardino,CA
92423,$117.50,San Bernardino,CA
92427,$117.50,San Bernardino,CA
92501,$117.50,Riverside,CA
92502,$117.50,Riverside,CA
92503,$117.50,Riverside,CA
92504,$117.50,Riverside,CA
92505,$117.50,Riverside,CA
92506,$117.50,Riverside,CA
92507,$117.50,Riverside,CA
92508,$117.50,Riverside,CA
92509,$117.50,Jurupa Valley,CA
92513,$117.50,Jurupa Valley,CA
92514,$117.50,Jurupa Valley,CA
92516,$117.50,Jurupa Valley,CA
92517,$117.50,Jurupa Valley,CA
92518,$117.50,March Air Reserve Base,CA
92519,$117.50,March Air Reserve Base,CA
92521,$117.50,Riverside,CA
92522,$117.50,Riverside,CA
92530,$117.50,Lake Elsinore,CA
92531,$117.50,Lake Elsinore,CA
92532,$117.50,Lake Elsinore,CA
92548,$117.50,Homeland,CA
92551,$117.50,Moreno Valley,CA
92552,$117.50,Moreno Valley,CA
92553,$117.50,Moreno Valley,CA
92554,$117.50,Moreno Valley,CA
92555,$117.50,Moreno Valley,CA
92556,$117.50,Moreno Valley,CA
92557,$117.50,Moreno Valley,CA
92562,$117.50,Murrieta,CA
92563,$117.50,Murrieta,CA
92564,$117.50,Murrieta,CA
92567,$117.50,Nuevo,CA
92570,$117.50,Perris,CA
92571,$117.50,Perris,CA
92572,$117.50,Perris,CA
92581,$117.50,Perris,CA
92582,$117.50,San Jacinto,CA
92583,$117.50,San Jacinto,CA
92584,$117.50,Menifee,CA
92585,$117.50,Menifee,CA
92586,$117.50,Menifee,CA
92587,$117.50,Menifee,CA
92589,$117.50,Menifee,CA
92590,$117.50,Temecula,CA
92591,$117.50,Temecula,CA
92592,$117.50,Temecula,CA
92593,$117.50,Temecula,CA
92595,$117.50,Wildomar,CA
92596,$117.50,Winchester,CA
92599,$117.50,Winchester,CA
92602,$117.50,Irvine,CA
92603,$117.50,Irvine,CA
92604,$117.50,Irvine,CA
92605,$117.50,Irvine,CA
92606,$117.50,Irvine,CA
92607,$117.50,Irvine,CA
92609,$117.50,Irvine,CA
92610,$117.50,Foothill Ranch,CA
92612,$117.50,Irvine,CA
92614,$117.50,Irvine,CA
92615,$117.50,Irvine,CA
92616,$117.50,Irvine,CA
92617,$117.50,Irvine,CA
92618,$117.50,Irvine,CA
92619,$117.50,Irvine,CA
92620,$117.50,Irvine,CA
92623,$117.50,Irvine,CA
92624,$117.50,Capistrano Beach,CA
92625,$117.50,Corona Del Mar,CA
92626,$117.50,Costa Mesa,CA
92627,$117.50,Costa Mesa,CA
92628,$117.50,Costa Mesa,CA
92629,$117.50,Dana Point,CA
92630,$117.50,Lake Forest,CA
92637,$117.50,Laguna Woods,CA
92646,$117.50,Huntington Beach,CA
92647,$117.50,Huntington Beach,CA
92648,$117.50,Huntington Beach,CA
92649,$117.50,Huntington Beach,CA
92650,$117.50,Huntington Beach,CA
92651,$117.50,Laguna Beach,CA
92652,$117.50,Laguna Beach,CA
92653,$117.50,Laguna Hills,CA
92654,$117.50,Laguna Hills,CA
92655,$117.50,Midway City,CA
92656,$117.50,Aliso Viejo,CA
92657,$117.50,Newport Coast,CA
92658,$117.50,Newport Coast,CA
92659,$117.50,Newport Coast,CA
92660,$117.50,Newport Beach,CA
92661,$117.50,Newport Beach,CA
92662,$117.50,Newport Beach,CA
92663,$117.50,Newport Beach,CA
92672,$117.50,San Clemente,CA
92673,$117.50,San Clemente,CA
92674,$117.50,San Clemente,CA
92675,$117.50,San Juan Capistrano,CA
92676,$117.50,Silverado,CA
92677,$117.50,Laguna Niguel,CA
92678,$117.50,Trabuco Canyon,CA
92679,$117.50,Trabuco Canyon,CA
92683,$117.50,Westminster,CA
92684,$117.50,Westminster,CA
92685,$117.50,Westminster,CA
92688,$117.50,Rancho Santa Margarita,CA
92690,$117.50,Rancho Santa Margarita,CA
92691,$117.50,Mission Viejo,CA
92692,$117.50,Mission Viejo,CA
92693,$117.50,Mission Viejo,CA
92694,$117.50,Ladera Ranch,CA
92697,$117.50,Irvine,CA
92698,$117.50,Irvine,CA
92701,$117.50,Santa Ana,CA
92702,$117.50,Santa Ana,CA
92703,$117.50,Santa Ana,CA
92704,$117.50,Santa Ana,CA
92705,$117.50,Santa Ana,CA
92706,$117.50,Santa Ana,CA
92707,$117.50,Santa Ana,CA
92708,$117.50,Fountain Valley,CA
92711,$117.50,Fountain Valley,CA
92712,$117.50,Fountain Valley,CA
92728,$117.50,Fountain Valley,CA
92735,$117.50,Fountain Valley,CA
92780,$117.50,Tustin,CA
92781,$117.50,Tustin,CA
92782,$117.50,Tustin,CA
92799,$117.50,Tustin,CA
92801,$117.50,Anaheim,CA
92802,$117.50,Anaheim,CA
92803,$117.50,Anaheim,CA
92804,$117.50,Anaheim,CA
92805,$117.50,Anaheim,CA
92806,$117.50,Anaheim,CA
92807,$117.50,Anaheim,CA
92808,$117.50,Anaheim,CA
92809,$117.50,Anaheim,CA
92811,$117.50,Anaheim,CA
92812,$117.50,Anaheim,CA
92814,$117.50,Anaheim,CA
92815,$117.50,Anaheim,CA
92816,$117.50,Anaheim,CA
92817,$117.50,Anaheim,CA
92821,$117.50,Brea,CA
92822,$117.50,Brea,CA
92823,$117.50,Brea,CA
92825,$117.50,Brea,CA
92831,$117.50,Fullerton,CA
92832,$117.50,Fullerton,CA
92833,$117.50,Fullerton,CA
92834,$117.50,Fullerton,CA
92835,$117.50,Fullerton,CA
92836,$117.50,Fullerton,CA
92837,$117.50,Fullerton,CA
92838,$117.50,Fullerton,CA
92840,$117.50,Garden Grove,CA
92841,$117.50,Garden Grove,CA
92842,$117.50,Garden Grove,CA
92843,$117.50,Garden Grove,CA
92844,$117.50,Garden Grove,CA
92845,$117.50,Garden Grove,CA
92846,$117.50,Garden Grove,CA
92850,$117.50,Garden Grove,CA
92856,$117.50,Garden Grove,CA
92857,$117.50,Garden Grove,CA
92859,$117.50,Garden Grove,CA
92860,$117.50,Norco,CA
92861,$117.50,Villa Park,CA
92862,$117.50,Villa Park,CA
92863,$117.50,Villa Park,CA
92864,$117.50,Villa Park,CA
92865,$117.50,Orange,CA
92866,$117.50,Orange,CA
92867,$117.50,Orange,CA
92868,$117.50,Orange,CA
92869,$117.50,Orange,CA
92870,$117.50,Placentia,CA
92871,$117.50,Placentia,CA
92877,$117.50,Placentia,CA
92878,$117.50,Placentia,CA
92879,$117.50,Corona,CA
92880,$117.50,Corona,CA
92881,$117.50,Corona,CA
92882,$117.50,Corona,CA
92883,$117.50,Corona,CA
92885,$117.50,Corona,CA
92886,$117.50,Yorba Linda,CA
92887,$117.50,Yorba Linda,CA
92899,$117.50,Yorba Linda,CA
93013,$117.50,Carpinteria,CA
93014,$117.50,Carpinteria,CA
93067,$117.50,Summerland,CA
93101,$117.50,Santa Barbara,CA
93102,$117.50,Santa Barbara,CA
93103,$117.50,Santa Barbara,CA
93105,$117.50,Santa Barbara,CA
93106,$117.50,Santa Barbara,CA
93107,$117.50,Santa Barbara,CA
93108,$117.50,Santa Barbara,CA
93109,$117.50,Santa Barbara,CA
93110,$117.50,Santa Barbara,CA
93111,$117.50,Santa Barbara,CA
93116,$117.50,Santa Barbara,CA
93117,$117.50,Goleta,CA
93118,$117.50,Goleta,CA
93120,$117.50,Goleta,CA
93121,$117.50,Goleta,CA
93130,$117.50,Goleta,CA
93140,$117.50,Goleta,CA
93150,$117.50,Goleta,CA
93160,$117.50,Goleta,CA
93190,$117.50,Goleta,CA
93199,$117.50,Goleta,CA
93254,$117.50,New Cuyama,CA
93427,$117.50,Buellton,CA
93429,$117.50,Casmalia,CA
93434,$117.50,Guadalupe,CA
93436,$117.50,Lompoc,CA
93437,$117.50,Lompoc,CA
93438,$117.50,Lompoc,CA
93440,$117.50,Los Alamos,CA
93441,$117.50,Los Olivos,CA
93454,$117.50,Santa Maria,CA
93455,$117.50,Santa Maria,CA
93456,$117.50,Santa Maria,CA
93457,$117.50,Santa Maria,CA
93458,$117.50,Santa Maria,CA
93460,$117.50,Santa Ynez,CA
93463,$117.50,Solvang,CA
93464,$117.50,Solvang,CA
93510,$117.50,Acton,CA
93532,$117.50,Lake Hughes,CA
93534,$117.50,Lancaster,CA
93535,$117.50,Lancaster,CA
93536,$117.50,Lancaster,CA
93539,$117.50,Lancaster,CA
93543,$117.50,Littlerock,CA
93544,$117.50,Llano,CA
93550,$117.50,Palmdale,CA
93551,$117.50,Palmdale,CA
93552,$117.50,Palmdale,CA
93553,$117.50,Pearblossom,CA
93563,$117.50,Valyermo,CA
93584,$117.50,Tehachapi,CA
93586,$117.50,Tehachapi,CA
93590,$117.50,Tehachapi,CA
93591,$117.50,Palmdale,CA
93599,$117.50,Palmdale,CA
94203,$117.50,San Francisco,CA
94204,$117.50,San Francisco,CA
94205,$117.50,San Francisco,CA
94206,$117.50,San Francisco,CA
94207,$117.50,San Francisco,CA
94208,$117.50,San Francisco,CA
94209,$117.50,San Francisco,CA
94211,$117.50,San Francisco,CA
94229,$117.50,San Francisco,CA
94230,$117.50,San Francisco,CA
94232,$117.50,San Francisco,CA
94234,$117.50,San Francisco,CA
94235,$117.50,San Francisco,CA
94236,$117.50,San Francisco,CA
94237,$117.50,San Francisco,CA
94239,$117.50,San Francisco,CA
94240,$117.50,San Francisco,CA
94244,$117.50,San Francisco,CA
94245,$117.50,San Francisco,CA
94247,$117.50,San Francisco,CA
94248,$117.50,San Francisco,CA
94249,$117.50,San Francisco,CA
94250,$117.50,San Francisco,CA
94252,$117.50,San Francisco,CA
94254,$117.50,San Francisco,CA
94256,$117.50,San Francisco,CA
94257,$117.50,San Francisco,CA
94258,$117.50,San Francisco,CA
94259,$117.50,San Francisco,CA
94261,$117.50,San Francisco,CA
94262,$117.50,San Francisco,CA
94263,$117.50,San Francisco,CA
94267,$117.50,San Francisco,CA
94268,$117.50,San Francisco,CA
94269,$117.50,San Francisco,CA
94271,$117.50,San Francisco,CA
94273,$117.50,San Francisco,CA
94274,$117.50,San Francisco,CA
94277,$117.50,San Francisco,CA
94278,$117.50,San Francisco,CA
94279,$117.50,San Francisco,CA
94280,$117.50,San Francisco,CA
94282,$117.50,San Francisco,CA
94283,$117.50,San Francisco,CA
94284,$117.50,San Francisco,CA
94285,$117.50,San Francisco,CA
94286,$117.50,San Francisco,CA
94287,$117.50,San Francisco,CA
94288,$117.50,San Francisco,CA
94289,$117.50,San Francisco,CA
94290,$117.50,San Francisco,CA
94291,$117.50,San Francisco,CA
94293,$117.50,San Francisco,CA
94294,$117.50,San Francisco,CA
94295,$117.50,San Francisco,CA
94296,$117.50,San Francisco,CA
94297,$117.50,San Francisco,CA
94298,$117.50,San Francisco,CA
94299,$117.50,San Francisco,CA
95602,$117.50,Auburn,CA
95603,$117.50,Auburn,CA
95604,$117.50,Auburn,CA
95605,$117.50,West Sacramento,CA
95606,$117.50,Brooks,CA
95607,$117.50,Capay,CA
95608,$117.50,Carmichael,CA
95609,$117.50,Carmichael,CA
95610,$117.50,Citrus Heights,CA
95611,$117.50,Citrus Heights,CA
95612,$117.50,Clarksburg,CA
95615,$117.50,Courtland,CA
95616,$117.50,Davis,CA
95617,$117.50,Davis,CA
95618,$117.50,Davis,CA
95621,$117.50,Citrus Heights,CA
95624,$117.50,Elk Grove,CA
95626,$117.50,Elverta,CA
95627,$117.50,Esparto,CA
95628,$117.50,Fair Oaks,CA
95630,$117.50,Folsom,CA
95631,$117.50,Foresthill,CA
95632,$117.50,Galt,CA
95637,$117.50,Guinda,CA
95638,$117.50,Herald,CA
95639,$117.50,Hood,CA
95641,$117.50,Isleton,CA
95648,$117.50,Lincoln,CA
95650,$117.50,Loomis,CA
95652,$117.50,Mcclellan,CA
95653,$117.50,Madison,CA
95655,$117.50,Mather,CA
95658,$117.50,Newcastle,CA
95660,$117.50,North Highlands,CA
95661,$117.50,Roseville,CA
95662,$117.50,Orangevale,CA
95663,$117.50,Penryn,CA
95670,$117.50,Rancho Cordova,CA
95671,$117.50,Represa,CA
95673,$117.50,Rio Linda,CA
95677,$117.50,Rocklin,CA
95678,$117.50,Roseville,CA
95679,$117.50,Rumsey,CA
95680,$117.50,Ryde,CA
95681,$117.50,Sheridan,CA
95683,$117.50,Sloughhouse,CA
95690,$117.50,Walnut Grove,CA
95691,$117.50,West Sacramento,CA
95693,$117.50,Wilton,CA
95694,$117.50,Winters,CA
95695,$117.50,Woodland,CA
95697,$117.50,Yolo,CA
95698,$117.50,Zamora,CA
95701,$117.50,Alta,CA
95703,$117.50,Applegate,CA
95713,$117.50,Colfax,CA
95714,$117.50,Dutch Flat,CA
95715,$117.50,Emigrant Gap,CA
95717,$117.50,Gold Run,CA
95722,$117.50,Meadow Vista,CA
95736,$117.50,Weimar,CA
95741,$117.50,Weimar,CA
95742,$117.50,Rancho Cordova,CA
95746,$117.50,Granite Bay,CA
95747,$117.50,Roseville,CA
95757,$117.50,Elk Grove,CA
95758,$117.50,Elk Grove,CA
95759,$117.50,Elk Grove,CA
95763,$117.50,El Dorado Hills,CA
95765,$117.50,Rocklin,CA
95776,$117.50,Woodland,CA
95798,$117.50,Woodland,CA
95799,$117.50,Woodland,CA
95811,$117.50,Sacramento,CA
95812,$117.50,Sacramento,CA
95813,$117.50,Sacramento,CA
95814,$117.50,Sacramento,CA
95815,$117.50,Sacramento,CA
95816,$117.50,Sacramento,CA
95817,$117.50,Sacramento,CA
95818,$117.50,Sacramento,CA
95819,$117.50,Sacramento,CA
95820,$117.50,Sacramento,CA
95821,$117.50,Sacramento,CA
95822,$117.50,Sacramento,CA
95823,$117.50,Sacramento,CA
95824,$117.50,Sacramento,CA
95825,$117.50,Sacramento,CA
95826,$117.50,Sacramento,CA
95827,$117.50,Sacramento,CA
95828,$117.50,Sacramento,CA
95829,$117.50,Sacramento,CA
95830,$117.50,Sacramento,CA
95831,$117.50,Sacramento,CA
95832,$117.50,Sacramento,CA
95833,$117.50,Sacramento,CA
95834,$117.50,Sacramento,CA
95835,$117.50,Sacramento,CA
95836,$117.50,Sacramento,CA
95837,$117.50,Sacramento,CA
95838,$117.50,Sacramento,CA
95840,$117.50,Sacramento,CA
95841,$117.50,Sacramento,CA
95842,$117.50,Sacramento,CA
95843,$117.50,Antelope,CA
95851,$117.50,Antelope,CA
95852,$117.50,Antelope,CA
95853,$117.50,Antelope,CA
95860,$117.50,Antelope,CA
95864,$117.50,Sacramento,CA
95865,$117.50,Sacramento,CA
95866,$117.50,Sacramento,CA
95867,$117.50,Sacramento,CA
95894,$117.50,Sacramento,CA
95899,$117.50,Sacramento,CA
95937,$117.50,Dunnigan,CA
96140,$117.50,Carnelian Bay,CA
96141,$117.50,Homewood,CA
96142,$117.50,Tahoma,CA
96143,$117.50,Kings Beach,CA
96145,$117.50,Tahoe City,CA
96146,$117.50,Olympic Valley,CA
96148,$117.50,Tahoe Vista,CA
96162,$117.50,Truckee,CA
66007,$115.00,Basehor,KS
66020,$115.00,Easton,KS
66027,$115.00,Fort Leavenworth,KS
66043,$115.00,Lansing,KS
66048,$115.00,Leavenworth,KS
66052,$115.00,Linwood,KS
66086,$115.00,Tonganoxie,KS
40023,$112.00,Fisherville,KY
40025,$112.00,Glenview,KY
40041,$112.00,Masonic Home,KY
40059,$112.00,Prospect,KY
40205,$112.00,Louisville,KY
40206,$112.00,Louisville,KY
40207,$112.00,Louisville,KY
40211,$112.00,Louisville,KY
40212,$112.00,Louisville,KY
40213,$112.00,Louisville,KY
40218,$112.00,Louisville,KY
40219,$112.00,Louisville,KY
40220,$112.00,Louisville,KY
40221,$112.00,Louisville,KY
40222,$112.00,Louisville,KY
40223,$112.00,Louisville,KY
40224,$112.00,Louisville,KY
40225,$112.00,Louisville,KY
40228,$112.00,Louisville,KY
40229,$112.00,Louisville,KY
40231,$112.00,Louisville,KY
40232,$112.00,Louisville,KY
40233,$112.00,Louisville,KY
40241,$112.00,Louisville,KY
40242,$112.00,Louisville,KY
40243,$112.00,Louisville,KY
40245,$112.00,Louisville,KY
40290,$112.00,Louisville,KY
40291,$112.00,Louisville,KY
40299,$112.00,Louisville,KY
55016,$112.00,Cottage Grove,MN
55025,$112.00,Forest Lake,MN
55038,$112.00,Hugo,MN
55055,$112.00,Newport,MN
55071,$112.00,Saint Paul Park,MN
55115,$112.00,Saint Paul,MN
55125,$112.00,Saint Paul,MN
55128,$112.00,Saint Paul,MN
55129,$112.00,Saint Paul,MN
55328,$112.00,Delano,MN
55341,$112.00,Hanover,MN
55362,$112.00,Monticello,MN
55372,$112.00,Prior Lake,MN
55373,$112.00,Rockford,MN
55378,$112.00,Savage,MN
55379,$112.00,Shakopee,MN
85324,$112.00,Black Canyon City,AZ
85332,$112.00,Congress,AZ
85362,$112.00,Yarnell,AZ
86017,$112.00,Munds Park,AZ
86301,$112.00,Prescott,AZ
86302,$112.00,Prescott,AZ
86303,$112.00,Prescott,AZ
86304,$112.00,Prescott,AZ
86305,$112.00,Prescott,AZ
86312,$112.00,Prescott,AZ
86313,$112.00,Prescott,AZ
86314,$112.00,Prescott Valley,AZ
86315,$112.00,Prescott Valley,AZ
86321,$112.00,Bagdad,AZ
86322,$112.00,Camp Verde,AZ
86323,$112.00,Chino Valley,AZ
86324,$112.00,Clarkdale,AZ
86325,$112.00,Cornville,AZ
86326,$112.00,Cottonwood,AZ
86327,$112.00,Dewey,AZ
86329,$112.00,Humboldt,AZ
86331,$112.00,Jerome,AZ
86332,$112.00,Kirkland,AZ
86333,$112.00,Mayer,AZ
86334,$112.00,Paulden,AZ
86335,$112.00,Rimrock,AZ
86336,$112.00,Sedona,AZ
86338,$112.00,Skull Valley,AZ
86339,$112.00,Skull Valley,AZ
86340,$112.00,Skull Valley,AZ
86341,$112.00,Skull Valley,AZ
86342,$112.00,Skull Valley,AZ
86343,$112.00,Crown King,AZ
86351,$112.00,Sedona,AZ
20105,$55.50,Aldie,VA
20109,$55.50,Manassas,VA
20110,$55.50,Manassas,VA
20111,$55.50,Manassas,VA
20112,$55.50,Manassas,VA
20117,$55.50,Middleburg,VA
20118,$55.50,Middleburg,VA
20120,$55.50,Centreville,VA
20121,$55.50,Centreville,VA
20124,$55.50,Clifton,VA
20129,$55.50,Paeonian Springs,VA
20132,$55.50,Purcellville,VA
20135,$55.50,Bluemont,VA
20136,$55.50,Bristow,VA
20140,$55.50,Broad Run,VA
20141,$55.50,Round Hill,VA
20143,$55.50,Catharpin,VA
20147,$55.50,Ashburn,VA
20148,$55.50,Ashburn,VA
20151,$55.50,Chantilly,VA
20152,$55.50,Chantilly,VA
20155,$55.50,Gainesville,VA
20158,$55.50,Hamilton,VA
20164,$55.50,Sterling,VA
20165,$55.50,Sterling,VA
20166,$55.50,Sterling,VA
20169,$55.50,Haymarket,VA
20170,$55.50,Herndon,VA
20171,$55.50,Herndon,VA
20175,$55.50,Leesburg,VA
20176,$55.50,Leesburg,VA
20180,$55.50,Lovettsville,VA
20181,$55.50,Nokesville,VA
20184,$55.50,Upperville,VA
20190,$55.50,Reston,VA
20191,$55.50,Reston,VA
20192,$55.50,Reston,VA
20194,$55.50,Reston,VA
20197,$55.50,Waterford,VA
22003,$55.50,Annandale,VA
22015,$55.50,Burke,VA
22025,$55.50,Dumfries,VA
22026,$55.50,Dumfries,VA
22027,$55.50,Dunn Loring,VA
22030,$55.50,Fairfax,VA
22031,$55.50,Fairfax,VA
22032,$55.50,Fairfax,VA
22033,$55.50,Fairfax,VA
22035,$55.50,Fairfax,VA
22039,$55.50,Fairfax Station,VA
22041,$55.50,Falls Church,VA
22042,$55.50,Falls Church,VA
22043,$55.50,Falls Church,VA
22044,$55.50,Falls Church,VA
22046,$55.50,Falls Church,VA
22060,$55.50,Fort Belvoir,VA
22066,$55.50,Great Falls,VA
22079,$55.50,Lorton,VA
22101,$55.50,McLean,VA
22102,$55.50,McLean,VA
22124,$55.50,Oakton,VA
22125,$55.50,Occoquan,VA
22150,$55.50,Springfield,VA
22151,$55.50,Springfield,VA
22152,$55.50,Springfield,VA
22153,$55.50,Springfield,VA
22180,$55.50,Vienna,VA
22181,$55.50,Vienna,VA
22182,$55.50,Vienna,VA
22185,$55.50,Vienna,VA
22191,$55.50,Woodbridge,VA
22192,$55.50,Woodbridge,VA
22193,$55.50,Woodbridge,VA
22201,$55.50,Arlington,VA
22202,$55.50,Arlington,VA
22203,$55.50,Arlington,VA
22204,$55.50,Arlington,VA
22205,$55.50,Arlington,VA
22206,$55.50,Arlington,VA
22207,$55.50,Arlington,VA
22209,$55.50,Arlington,VA
22211,$55.50,Fort Myer,VA
22213,$55.50,Arlington,VA
22214,$55.50,Arlington,VA
22301,$55.50,Alexandria,VA
22302,$55.50,Alexandria,VA
22303,$55.50,Alexandria,VA
22304,$55.50,Alexandria,VA
22305,$55.50,Alexandria,VA
22306,$55.50,Alexandria,VA
22307,$55.50,Alexandria,VA
22308,$55.50,Alexandria,VA
22309,$55.50,Alexandria,VA
22310,$55.50,Alexandria,VA
22311,$55.50,Alexandria,VA
22312,$55.50,Alexandria,VA
22314,$55.50,Alexandria,VA
22315,$55.50,Alexandria,VA
18039,$46.00,Danielsville,PA
18084,$46.00,Stockertown,PA
18901,$46.00,Doylestown,PA
18902,$46.00,Doylestown,PA
18910,$46.00,Doylestown,PA
18911,$46.00,Doylestown,PA
18912,$46.00,Buckingham,PA
18913,$46.00,Carversville,PA
18914,$46.00,Chalfont,PA
18915,$46.00,Colmar,PA
18916,$46.00,Colmar,PA
18917,$46.00,Dublin,PA
18918,$46.00,Dublin,PA
18920,$46.00,Erwinna,PA
18921,$46.00,Ferndale,PA
18922,$46.00,Ferndale,PA
18923,$46.00,Fountainville,PA
18924,$46.00,Fountainville,PA
18925,$46.00,Furlong,PA
18927,$46.00,Hilltown,PA
18928,$46.00,Hilltown,PA
18929,$46.00,Jamison,PA
18930,$46.00,Kintnersville,PA
18931,$46.00,Kintnersville,PA
18932,$46.00,Line Lexington,PA
18933,$46.00,Lumberville,PA
18934,$46.00,Lumberville,PA
18936,$46.00,Montgomeryville,PA
18938,$46.00,New Hope,PA
18940,$46.00,Newtown,PA
18942,$46.00,Ottsville,PA
18943,$46.00,Ottsville,PA
18944,$46.00,Perkasie,PA
18946,$46.00,Pineville,PA
18947,$46.00,Pipersville,PA
18949,$46.00,Pipersville,PA
18950,$46.00,Point Pleasant,PA
18953,$46.00,Quakertown,PA
18954,$46.00,Richboro,PA
18956,$46.00,Richlandtown,PA
18957,$46.00,Richlandtown,PA
18958,$46.00,Richlandtown,PA
18962,$46.00,Silverdale,PA
18963,$46.00,Silverdale,PA
18964,$46.00,Souderton,PA
18966,$46.00,Southampton,PA
18968,$46.00,Southampton,PA
18971,$46.00,Trumbauersville,PA
18972,$46.00,Upper Black Eddy,PA
18974,$46.00,Warminster,PA
18976,$46.00,Warrington,PA
18977,$46.00,Washington Crossing,PA
18979,$46.00,Washington Crossing,PA
18980,$46.00,Wycombe,PA
18981,$46.00,Wycombe,PA
18991,$46.00,Wycombe,PA
19001,$46.00,Abington,PA
19002,$46.00,Ambler,PA
19003,$46.00,Ardmore,PA
19004,$46.00,Bala Cynwyd,PA
19006,$46.00,Huntingdon Valley,PA
19008,$46.00,Broomall,PA
19009,$46.00,Bryn Athyn,PA
19010,$46.00,Bryn Mawr,PA
19025,$46.00,Dresher,PA
19027,$46.00,Elkins Park,PA
19031,$46.00,Flourtown,PA
19034,$46.00,Fort Washington,PA
19035,$46.00,Gladwyne,PA
19038,$46.00,Glenside,PA
19040,$46.00,Hatboro,PA
19041,$46.00,Haverford,PA
19044,$46.00,Horsham,PA
19046,$46.00,Jenkintown,PA
19047,$46.00,Langhorne,PA
19048,$46.00,Langhorne,PA
19049,$46.00,Langhorne,PA
19053,$46.00,Feasterville Trevose,PA
19058,$46.00,Levittown,PA
19063,$46.00,Media,PA
19064,$46.00,Springfield,PA
19066,$46.00,Merion Station,PA
19067,$46.00,Morrisville,PA
19072,$46.00,Narberth,PA
19073,$46.00,Newtown Square,PA
19075,$46.00,Oreland,PA
19081,$46.00,Swarthmore,PA
19083,$46.00,Havertown,PA
19085,$46.00,Villanova,PA
19086,$46.00,Wallingford,PA
19087,$46.00,Wayne,PA
19090,$46.00,Willow Grove,PA
19095,$46.00,Wyncote,PA
19096,$46.00,Wynnewood,PA
19301,$46.00,Paoli,PA
19312,$46.00,Berwyn,PA
19317,$46.00,Chadds Ford,PA
19319,$46.00,Cheyney,PA
19331,$46.00,Cochranville,PA
19333,$46.00,Devon,PA
19339,$46.00,Downingtown,PA
19342,$46.00,Glen Mills,PA
19345,$46.00,Immaculata,PA
19355,$46.00,Malvern,PA
19373,$46.00,Thornton,PA
19401,$46.00,Norristown,PA
19403,$46.00,Norristown,PA
19404,$46.00,Norristown,PA
19405,$46.00,Bridgeport,PA
19406,$46.00,King Of Prussia,PA
19407,$46.00,King Of Prussia,PA
19408,$46.00,King Of Prussia,PA
19409,$46.00,King Of Prussia,PA
19422,$46.00,Blue Bell,PA
19423,$46.00,Blue Bell,PA
19424,$46.00,Blue Bell,PA
19426,$46.00,Collegeville,PA
19428,$46.00,Conshohocken,PA
19429,$46.00,Conshohocken,PA
19430,$46.00,Conshohocken,PA
19436,$46.00,Gwynedd,PA
19437,$46.00,Gwynedd Valley,PA
19438,$46.00,Harleysville,PA
19440,$46.00,Hatfield,PA
19441,$46.00,Hatfield,PA
19443,$46.00,Kimberton,PA
19444,$46.00,Lafayette Hill,PA
19446,$46.00,Lansdale,PA
19450,$46.00,Lansdale,PA
19451,$46.00,Lansdale,PA
19453,$46.00,Mont Clare,PA
19454,$46.00,North Wales,PA
19455,$46.00,North Wales,PA
19456,$46.00,Oaks,PA
19462,$46.00,Plymouth Meeting,PA
19464,$46.00,Pottstown,PA
19468,$46.00,Royersford,PA
19473,$46.00,Schwenksville,PA
19474,$46.00,Skippack,PA
19477,$46.00,Spring House,PA
19478,$46.00,Spring House,PA
19484,$46.00,Spring House,PA
19486,$46.00,Spring House,PA
19490,$46.00,Worcester,PA
19492,$46.00,Zieglerville,PA
75022,$46.00,Flower Mound,TX
75028,$46.00,Flower Mound,TX
75057,$46.00,Lewisville,TX
75065,$46.00,Lake Dallas,TX
75067,$46.00,Lewisville,TX
75077,$46.00,Lewisville,TX
75261,$46.00,Dallas,TX
76021,$46.00,Bedford,TX
76022,$46.00,Bedford,TX
76034,$46.00,Colleyville,TX
76039,$46.00,Euless,TX
76040,$46.00,Euless,TX
76051,$46.00,Grapevine,TX
76053,$46.00,Hurst,TX
76054,$46.00,Hurst,TX
76092,$46.00,Southlake,TX
76117,$46.00,Haltom City,TX
76118,$46.00,Fort Worth,TX
76148,$46.00,Fort Worth,TX
76155,$46.00,Fort Worth,TX
76180,$46.00,North Richland Hills,TX
76182,$46.00,North Richland Hills,TX
76210,$46.00,Denton,TX
76226,$46.00,Argyle,TX
76244,$46.00,Keller,TX
76248,$46.00,Keller,TX
76262,$46.00,Roanoke,TX
32701,$34.00,Altamonte Springs,FL
32703,$34.00,Apopka,FL
32707,$34.00,Casselberry,FL
32708,$34.00,Winter Springs,FL
32709,$34.00,Christmas,FL
32712,$34.00,Apopka,FL
32714,$34.00,Altamonte Springs,FL
32730,$34.00,Casselberry,FL
32746,$34.00,Lake Mary,FL
32750,$34.00,Longwood,FL
32751,$34.00,Maitland,FL
32765,$34.00,Oviedo,FL
32766,$34.00,Oviedo,FL
32771,$34.00,Sanford,FL
32773,$34.00,Sanford,FL
32779,$34.00,Longwood,FL
32789,$34.00,Winter Park,FL
32792,$34.00,Winter Park,FL
32801,$34.00,Orlando,FL
32803,$34.00,Orlando,FL
32804,$34.00,Orlando,FL
32805,$34.00,Orlando,FL
32806,$34.00,Orlando,FL
32807,$34.00,Orlando,FL
32808,$34.00,Orlando,FL
32809,$34.00,Orlando,FL
32810,$34.00,Orlando,FL
32811,$34.00,Orlando,FL
32812,$34.00,Orlando,FL
32814,$34.00,Orlando,FL
32816,$34.00,Orlando,FL
32817,$34.00,Orlando,FL
32818,$34.00,Orlando,FL
32819,$34.00,Orlando,FL
32820,$34.00,Orlando,FL
32821,$34.00,Orlando,FL
32822,$34.00,Orlando,FL
32824,$34.00,Orlando,FL
32825,$34.00,Orlando,FL
32826,$34.00,Orlando,FL
32827,$34.00,Orlando,FL
32828,$34.00,Orlando,FL
32829,$34.00,Orlando,FL
32830,$34.00,Orlando,FL
32831,$34.00,Orlando,FL
32832,$34.00,Orlando,FL
32833,$34.00,Orlando,FL
32835,$34.00,Orlando,FL
32836,$34.00,Orlando,FL
32837,$34.00,Orlando,FL
32839,$34.00,Orlando,FL
34734,$34.00,Gotha,FL
34761,$34.00,Ocoee,FL
34786,$34.00,Windermere,FL
34787,$34.00,Winter Garden,FL
20701,$28.50,Annapolis Junction,MD
20705,$28.50,Beltsville,MD
20706,$28.50,Lanham,MD
20707,$28.50,Laurel,MD
20708,$28.50,Laurel,MD
20715,$28.50,Bowie,MD
20716,$28.50,Bowie,MD
20720,$28.50,Bowie,MD
20721,$28.50,Bowie,MD
20723,$28.50,Laurel,MD
20759,$28.50,Fulton,MD
20763,$28.50,Savage,MD
20769,$28.50,Glenn Dale,MD
20770,$28.50,Greenbelt,MD
20771,$28.50,Greenbelt,MD
20777,$28.50,Highland,MD
20783,$28.50,Hyattsville,MD
20794,$28.50,Jessup,MD
20810,$28.50,Jessup,MD
20812,$28.50,Glen Echo,MD
20814,$28.50,Bethesda,MD
20815,$28.50,Chevy Chase,MD
20816,$28.50,Bethesda,MD
20817,$28.50,Bethesda,MD
20818,$28.50,Cabin John,MD
20832,$28.50,Olney,MD
20833,$28.50,Brookeville,MD
20837,$28.50,Poolesville,MD
20838,$28.50,Barnesville,MD
20839,$28.50,Beallsville,MD
20841,$28.50,Boyds,MD
20842,$28.50,Dickerson,MD
20850,$28.50,Rockville,MD
20851,$28.50,Rockville,MD
20852,$28.50,Rockville,MD
20853,$28.50,Rockville,MD
20854,$28.50,Potomac,MD
20855,$28.50,Derwood,MD
20860,$28.50,Sandy Spring,MD
20861,$28.50,Ashton,MD
20862,$28.50,Brinklow,MD
20866,$28.50,Burtonsville,MD
20868,$28.50,Spencerville,MD
20871,$28.50,Clarksburg,MD
20872,$28.50,Damascus,MD
20874,$28.50,Germantown,MD
20876,$28.50,Germantown,MD
20877,$28.50,Gaithersburg,MD
20878,$28.50,Gaithersburg,MD
20879,$28.50,Gaithersburg,MD
20880,$28.50,Washington Grove,MD
20882,$28.50,Gaithersburg,MD
20886,$28.50,Montgomery Village,MD
20889,$28.50,Bethesda,MD
20892,$28.50,Bethesda,MD
20895,$28.50,Kensington,MD
20896,$28.50,Garrett Park,MD
20899,$28.50,Gaithersburg,MD
20901,$28.50,Silver Spring,MD
20902,$28.50,Silver Spring,MD
20903,$28.50,Silver Spring,MD
20904,$28.50,Silver Spring,MD
20905,$28.50,Silver Spring,MD
20906,$28.50,Silver Spring,MD
20910,$28.50,Silver Spring,MD
20912,$28.50,Takoma Park,MD
21029,$28.50,Clarksville,MD
21036,$28.50,Dayton,MD
21042,$28.50,Ellicott City,MD
21043,$28.50,Ellicott City,MD
21044,$28.50,Columbia,MD
21045,$28.50,Columbia,MD
21046,$28.50,Columbia,MD
21075,$28.50,Elkridge,MD
21076,$28.50,Hanover,MD
21723,$28.50,Cooksville,MD
21737,$28.50,Glenelg,MD
21738,$28.50,Glenwood,MD
21765,$28.50,Libertytown,MD
21794,$28.50,West Friendship,MD
21797,$28.50,Woodbine,MD
60101,$24.50,Addison,IL
60104,$24.50,Bellwood,IL
60106,$24.50,Bensenville,IL
60108,$24.50,Bloomingdale,IL
60126,$24.50,Elmhurst,IL
60130,$24.50,Forest Park,IL
60131,$24.50,Franklin Park,IL
60134,$24.50,Geneva,IL
60137,$24.50,Glen Ellyn,IL
60138,$24.50,Glen Ellyn,IL
60139,$24.50,Glendale Heights,IL
60141,$24.50,Hines,IL
60143,$24.50,Itasca,IL
60148,$24.50,Lombard,IL
60153,$24.50,Maywood,IL
60154,$24.50,Westchester,IL
60155,$24.50,Broadview,IL
60157,$24.50,Medinah,IL
60160,$24.50,Melrose Park,IL
60162,$24.50,Hillside,IL
60163,$24.50,Berkeley,IL
60164,$24.50,Melrose Park,IL
60165,$24.50,Stone Park,IL
60171,$24.50,River Grove,IL
60172,$24.50,Roselle,IL
60174,$24.50,Saint Charles,IL
60176,$24.50,Schiller Park,IL
60177,$24.50,South Elgin,IL
60181,$24.50,Villa Park,IL
60184,$24.50,Wayne,IL
60185,$24.50,West Chicago,IL
60186,$24.50,West Chicago,IL
60187,$24.50,Wheaton,IL
60188,$24.50,Carol Stream,IL
60189,$24.50,Wheaton,IL
60190,$24.50,Winfield,IL
60191,$24.50,Wood Dale,IL
60199,$24.50,Schaumburg,IL
60301,$24.50,Oak Park,IL
60302,$24.50,Oak Park,IL
60304,$24.50,Oak Park,IL
60305,$24.50,River Forest,IL
60402,$24.50,Berwyn,IL
60439,$24.50,Lemont,IL
60440,$24.50,Bolingbrook,IL
60441,$24.50,Lockport,IL
60446,$24.50,Romeoville,IL
60480,$24.50,Willow Springs,IL
60490,$24.50,Bolingbrook,IL
60504,$24.50,Aurora,IL
60510,$24.50,Batavia,IL
60513,$24.50,Brookfield,IL
60514,$24.50,Clarendon Hills,IL
60515,$24.50,Downers Grove,IL
60516,$24.50,Downers Grove,IL
60517,$24.50,Woodridge,IL
60521,$24.50,Hinsdale,IL
60523,$24.50,Oak Brook,IL
60525,$24.50,La Grange,IL
60526,$24.50,La Grange Park,IL
60527,$24.50,Willowbrook,IL
60532,$24.50,Lisle,IL
60534,$24.50,Lyons,IL
60540,$24.50,Naperville,IL
60544,$24.50,Plainfield,IL
60546,$24.50,Riverside,IL
60555,$24.50,Warrenville,IL
60558,$24.50,Western Springs,IL
60559,$24.50,Westmont,IL
60561,$24.50,Darien,IL
60563,$24.50,Naperville,IL
60564,$24.50,Naperville,IL
60565,$24.50,Naperville,IL
60566,$24.50,Naperville,IL
60567,$24.50,Naperville,IL
20001,$23.50,Washington,DC
20002,$23.50,Washington,DC
20003,$23.50,Washington,DC
20004,$23.50,Washington,DC
20005,$23.50,Washington,DC
20006,$23.50,Washington,DC
20007,$23.50,Washington,DC
20008,$23.50,Washington,DC
20009,$23.50,Washington,DC
20010,$23.50,Washington,DC
20011,$23.50,Washington,DC
20012,$23.50,Washington,DC
20015,$23.50,Washington,DC
20016,$23.50,Washington,DC
20017,$23.50,Washington,DC
20018,$23.50,Washington,DC
20036,$23.50,Washington,DC
20037,$23.50,Washington,DC
20045,$23.50,Washington,DC
20052,$23.50,Washington,DC
20057,$23.50,Washington,DC
20059,$23.50,Washington,DC
20060,$23.50,Washington,DC
20064,$23.50,Washington,DC
20210,$23.50,Washington,DC
20217,$23.50,Washington,DC
20220,$23.50,Washington,DC
20224,$23.50,Washington,DC
20230,$23.50,Washington,DC
20240,$23.50,Washington,DC
20245,$23.50,Washington,DC
20303,$23.50,Washington,DC
20306,$23.50,Washington,DC
20317,$23.50,Washington,DC
20372,$23.50,Washington,DC
20374,$23.50,Naval Anacost Annex,DC
20376,$23.50,Naval Anacost Annex,DC
20390,$23.50,Washington,DC
20392,$23.50,Washington,DC
20401,$23.50,Washington,DC
20405,$23.50,Washington,DC
20408,$23.50,Washington,DC
20415,$23.50,Washington,DC
20418,$23.50,Washington,DC
20422,$23.50,Washington,DC
20431,$23.50,Washington,DC
20433,$23.50,Washington,DC
20500,$23.50,Washington,DC
20502,$23.50,Washington,DC
20510,$23.50,Washington,DC
20520,$23.50,Washington,DC
20529,$23.50,Washington,DC
20530,$23.50,Washington,DC
20534,$23.50,Washington,DC
20535,$23.50,Washington,DC
20540,$23.50,Washington,DC
20543,$23.50,Washington,DC
20544,$23.50,Washington,DC
20548,$23.50,Washington,DC
20549,$23.50,Washington,DC
20551,$23.50,Washington,DC
20560,$23.50,Washington,DC
20565,$23.50,Washington,DC
20566,$23.50,Washington,DC
20580,$23.50,Washington,DC
20590,$23.50,Washington,DC
08525,$21.50,Hopewell,NJ
08530,$21.50,Lambertville,NJ
08534,$21.50,Pennington,NJ
08540,$21.50,Princeton,NJ
08542,$21.50,Princeton,NJ
08543,$21.50,Princeton,NJ
08551,$21.50,Ringoes,NJ
08559,$21.50,Stockton,NJ
08801,$21.50,Annandale,NJ
08809,$21.50,Clinton,NJ
08822,$21.50,Flemington,NJ
08825,$21.50,Frenchtown,NJ
08826,$21.50,Glen Gardner,NJ
08829,$21.50,High Bridge,NJ
08833,$21.50,Lebanon,NJ
08848,$21.50,Milford,NJ
08867,$21.50,Pittstown,NJ
08889,$21.50,Whitehouse Station,NJ
11001,$19.50,Floral Park,NY
11003,$19.50,Elmont,NY
11010,$19.50,Franklin Square,NY
11020,$19.50,Great Neck,NY
11021,$19.50,Great Neck,NY
11023,$19.50,Great Neck,NY
11024,$19.50,Great Neck,NY
11030,$19.50,Manhasset,NY
11040,$19.50,New Hyde Park,NY
11042,$19.50,New Hyde Park,NY
11050,$19.50,Port Washington,NY
11096,$19.50,Inwood,NY
11501,$19.50,Mineola,NY
11507,$19.50,Albertson,NY
11509,$19.50,Atlantic Beach,NY
11510,$19.50,Baldwin,NY
11514,$19.50,Carle Place,NY
11516,$19.50,Cedarhurst,NY
11518,$19.50,East Rockaway,NY
11520,$19.50,Freeport,NY
11530,$19.50,Garden City,NY
11542,$19.50,Glen Cove,NY
11545,$19.50,Glen Head,NY
11547,$19.50,Glenwood Landing,NY
11548,$19.50,Greenvale,NY
11549,$19.50,Hempstead,NY
11550,$19.50,Hempstead,NY
11552,$19.50,West Hempstead,NY
11553,$19.50,Uniondale,NY
11554,$19.50,East Meadow,NY
11556,$19.50,Uniondale,NY
11557,$19.50,Hewlett,NY
11558,$19.50,Island Park,NY
11559,$19.50,Lawrence,NY
11560,$19.50,Locust Valley,NY
11561,$19.50,Long Beach,NY
11563,$19.50,Lynbrook,NY
11565,$19.50,Malverne,NY
11566,$19.50,Merrick,NY
11568,$19.50,Old Westbury,NY
11569,$19.50,Point Lookout,NY
11570,$19.50,Rockville Centre,NY
11572,$19.50,Oceanside,NY
11575,$19.50,Roosevelt,NY
11576,$19.50,Roslyn,NY
11577,$19.50,Roslyn Heights,NY
11579,$19.50,Sea Cliff,NY
11580,$19.50,Valley Stream,NY
11581,$19.50,Valley Stream,NY
11590,$19.50,Westbury,NY
11596,$19.50,Williston Park,NY
11598,$19.50,Woodmere,NY
11701,$19.50,Amityville,NY
11702,$19.50,Babylon,NY
11703,$19.50,North Babylon,NY
11704,$19.50,West Babylon,NY
11705,$19.50,Bayport,NY
11706,$19.50,Bay Shore,NY
11709,$19.50,Bayville,NY
11710,$19.50,Bellmore,NY
11714,$19.50,Bethpage,NY
11715,$19.50,Blue Point,NY
11716,$19.50,Bohemia,NY
11717,$19.50,Brentwood,NY
11718,$19.50,Brightwaters,NY
11720,$19.50,Centereach,NY
11721,$19.50,Centerport,NY
11722,$19.50,Central Islip,NY
11724,$19.50,Cold Spring Harbor,NY
11725,$19.50,Commack,NY
11726,$19.50,Copiague,NY
11727,$19.50,Coram,NY
11729,$19.50,Deer Park,NY
11730,$19.50,East Islip,NY
11731,$19.50,East Northport,NY
11732,$19.50,East Norwich,NY
11733,$19.50,East Setauket,NY
11735,$19.50,Farmingdale,NY
11738,$19.50,Farmingville,NY
11739,$19.50,Great River,NY
11740,$19.50,Greenlawn,NY
11741,$19.50,Holbrook,NY
11742,$19.50,Holtsville,NY
11743,$19.50,Huntington,NY
11746,$19.50,Huntington Station,NY
11747,$19.50,Melville,NY
11749,$19.50,Islandia,NY
11751,$19.50,Islip,NY
11752,$19.50,Islip Terrace,NY
11753,$19.50,Jericho,NY
11754,$19.50,Kings Park,NY
11755,$19.50,Lake Grove,NY
11756,$19.50,Levittown,NY
11757,$19.50,Lindenhurst,NY
11758,$19.50,Massapequa,NY
11762,$19.50,Massapequa Park,NY
11763,$19.50,Medford,NY
11764,$19.50,Miller Place,NY
11765,$19.50,Mill Neck,NY
11766,$19.50,Mount Sinai,NY
11767,$19.50,Nesconset,NY
11768,$19.50,Northport,NY
11769,$19.50,Oakdale,NY
11770,$19.50,Ocean Beach,NY
11771,$19.50,Oyster Bay,NY
11772,$19.50,Patchogue,NY
11776,$19.50,Port Jefferson Station,NY
11777,$19.50,Port Jefferson,NY
11779,$19.50,Ronkonkoma,NY
11780,$19.50,Saint James,NY
11782,$19.50,Sayville,NY
11783,$19.50,Seaford,NY
11784,$19.50,Selden,NY
11787,$19.50,Smithtown,NY
11788,$19.50,Hauppauge,NY
11790,$19.50,Stony Brook,NY
11791,$19.50,Syosset,NY
11793,$19.50,Wantagh,NY
11794,$19.50,Stony Brook,NY
11795,$19.50,West Islip,NY
11796,$19.50,West Sayville,NY
11797,$19.50,Woodbury,NY
11798,$19.50,Wyandanch,NY
11801,$19.50,Hicksville,NY
11803,$19.50,Plainview,NY
11804,$19.50,Old Bethpage,NY
34223,$18.00,Englewood,FL
34228,$18.00,Longboat Key,FL
34229,$18.00,Osprey,FL
34231,$18.00,Sarasota,FL
34232,$18.00,Sarasota,FL
34233,$18.00,Sarasota,FL
34234,$18.00,Sarasota,FL
34235,$18.00,Sarasota,FL
34236,$18.00,Sarasota,FL
34237,$18.00,Sarasota,FL
34238,$18.00,Sarasota,FL
34239,$18.00,Sarasota,FL
34240,$18.00,Sarasota,FL
34241,$18.00,Sarasota,FL
34242,$18.00,Sarasota,FL
34275,$18.00,Nokomis,FL
34285,$18.00,Venice,FL
34286,$18.00,North Port,FL
34287,$18.00,North Port,FL
34291,$18.00,North Port,FL
34292,$18.00,Venice,FL
34293,$18.00,Venice,FL
55005,$18.00,Bethel,MN
55011,$18.00,Cedar,MN
55020,$18.00,Elko New Market,MN
55031,$18.00,Hampton,MN
55042,$18.00,Lake Elmo,MN
55054,$18.00,Elko New Market,MN
55065,$18.00,Randolph,MN
55070,$18.00,Saint Francis,MN
55075,$18.00,South Saint Paul,MN
55082,$18.00,Stillwater,MN
55085,$18.00,Vermillion,MN
55090,$18.00,Willernie,MN
55101,$18.00,Saint Paul,MN
55102,$18.00,Saint Paul,MN
55103,$18.00,Saint Paul,MN
55104,$18.00,Saint Paul,MN
55106,$18.00,Saint Paul,MN
55119,$18.00,Saint Paul,MN
55130,$18.00,Saint Paul,MN
55155,$18.00,Saint Paul,MN
55303,$18.00,Anoka,MN
55315,$18.00,Carver,MN
55322,$18.00,Cologne,MN
55339,$18.00,Hamburg,MN
55352,$18.00,Jordan,MN
55359,$18.00,Maple Plain,MN
55360,$18.00,Mayer,MN
55367,$18.00,New Germany,MN
55368,$18.00,Norwood Young America,MN
55375,$18.00,Saint Bonifacius,MN
55384,$18.00,Spring Park,MN
55386,$18.00,Victoria,MN
55387,$18.00,Waconia,MN
55388,$18.00,Watertown,MN
55392,$18.00,Wayzata,MN
55397,$18.00,Young America,MN
55401,$18.00,Minneapolis,MN
55402,$18.00,Minneapolis,MN
55403,$18.00,Minneapolis,MN
55404,$18.00,Minneapolis,MN
55408,$18.00,Minneapolis,MN
55411,$18.00,Minneapolis,MN
55412,$18.00,Minneapolis,MN
55414,$18.00,Minneapolis,MN
55415,$18.00,Minneapolis,MN
55430,$18.00,Minneapolis,MN
55435,$18.00,Minneapolis,MN
55450,$18.00,Minneapolis,MN
55454,$18.00,Minneapolis,MN
55455,$18.00,Minneapolis,MN
55487,$18.00,Minneapolis,MN
56011,$18.00,Belle Plaine,MN
56071,$18.00,New Prague,MN